Student ID,Last Schl,Last Name,First Name,Gender,Parent/guardian,Primary Phone,Description_HL,Group Memberships?,POD GROUP
727,3,Domleo,Alma,F,Alma Domleo,174-335-4717,Mandarin,"",
05,5,Lasslett,Hervey,M,Hervey Lasslett,693-267-7416,Spanish,"",
69925,3,Byars,Whitman,M,Whitman Byars,990-356-0674,English,"",
724,3,Scardafield,Slade,M,Slade Scardafield,590-689-7930,Spanish,ELD 2,
7,1,Westby,Fritz,M,Fritz Westby,975-548-0648,Spanish,ELD 1,
267,0,Weatherhead,Walton,M,Walton Weatherhead,872-348-4328,Spanish,ELD 1,
60,0,Ivoshin,Ruprecht,M,Ruprecht Ivoshin,667-784-5902,Mandarin,ELD 1,
64307,1,Le Huquet,Khalil,M,Khalil Le Huquet,510-114-1024,Mandarin,ELD 1,
1,1,Caso,Erskine,M,Erskine Caso,942-786-3457,Mandarin,ELD 1,
387,3,Graine,Bernie,M,Bernie Graine,636-446-3161,Mandarin,ELD 1,
882,5,Greenroa,Aileen,F,Aileen Greenroa,959-354-8897,Mandarin,ELD 1,
66,5,Maciunas,Bil,M,Bil Maciunas,445-804-0127,French,ELD 1,
89,0,Drewitt,Nicolai,M,Nicolai Drewitt,366-228-0594,Italian,ELD 1,
767,1,Peeters,Aldrich,M,Aldrich Peeters,381-711-0979,Hungarian,ELD 1,
99,1,Harrop,Claudius,M,Claudius Harrop,452-611-8331,French,ELD 1,
29,5,Burtwistle,Chip,M,Chip Burtwistle,890-467-1747,German,ELD 1,
3,3,Gronav,Paulita,F,Paulita Gronav,594-575-8242,French,,
325,0,Begbie,Dena,F,Dena Begbie,569-174-9943,Mandarin,,
1,5,Abbess,Fan,F,Fan Abbess,468-962-4938,French,,
1,3,Kynton,Jacki,F,Jacki Kynton,565-766-9425,Mandarin,ELD 1,
1207,5,Merali,Delmar,M,Delmar Merali,317-779-0422,Mandarin,,
89,1,Skoof,Jeffrey,M,Jeffrey Skoof,569-582-6001,Spanish,,
5,3,Sunner,Berkley,M,Berkley Sunner,377-693-3378,Spanish,ELD 1,
3166,3,Lakenton,Rik,M,Rik Lakenton,690-921-8901,Spanish,,
73,0,Labbet,Sigfrid,M,Sigfrid Labbet,927-253-5686,Spanish,,
44439,1,Torri,Raynor,M,Raynor Torri,829-432-3309,Spanish,ELD 1,
1046,3,Glacken,Marie,F,Marie Glacken,884-608-6142,Mandarin,ELD 1,
207,5,Pepye,Sherie,F,Sherie Pepye,372-855-0505,Spanish,ELD 1,
48414,3,Szabo,Sigismond,M,Sigismond Szabo,250-142-2537,French,,
7,0,Larrad,Amery,M,Amery Larrad,404-884-0864,Spanish,ELD 1,
39774,3,Fysh,Kimmie,F,Kimmie Fysh,130-906-6068,Mandarin,ELD 1,
0,3,Duffet,Ami,F,Ami Duffet,311-189-1009,French,,
64,1,Thebeau,Archie,M,Archie Thebeau,794-583-4335,Mandarin,,
7,3,Canedo,Fairlie,M,Fairlie Canedo,437-732-3093,Mandarin,,
7,1,Linch,Syd,M,Syd Linch,505-434-2024,Mandarin,,
3909,5,Goodby,Warde,M,Warde Goodby,620-478-3051,French,ELD 1,
3858,0,Antognetti,Hayley,F,Hayley Antognetti,702-795-1559,French,,
35,0,Tunney,Danika,F,Danika Tunney,774-945-3656,Spanish,ELD 1,
21,5,McKeller,Luca,M,Luca McKeller,498-394-2148,Mandarin,,
40,3,Samett,Hannie,F,Hannie Samett,296-796-2201,Spanish,,
74,1,Sackett,Lil,F,Lil Sackett,580-152-4070,Spanish,,
53940,5,Standall,Brett,F,Brett Standall,369-863-9484,Italian,,
780,1,Cordelette,Eben,M,Eben Cordelette,984-891-5656,French,,
035,0,Adame,Duff,M,Duff Adame,618-849-1062,Italian,,
39,3,Pencot,Adelind,F,Adelind Pencot,635-117-0281,Spanish,,
8361,1,Filinkov,Adelheid,F,Adelheid Filinkov,855-942-8530,French,ELD 1,
43,0,Burdon,Eugine,F,Eugine Burdon,229-698-3452,Spanish,,
01,1,Sanger,Maurizio,M,Maurizio Sanger,110-492-3983,French,,
178,1,Gouch,Brandy,M,Brandy Gouch,212-578-8929,Spanish,,
94,5,Kenright,Amy,F,Amy Kenright,825-374-6679,French,,
60,5,Shimuk,Jedediah,M,Jedediah Shimuk,157-699-0430,Spanish,ELD 1,
348,3,Gillion,Simone,F,Simone Gillion,618-269-1710,French,,
93,1,Tree,Norton,M,Norton Tree,272-201-6253,Spanish,ELD 1,
4,0,Bourcq,Etan,M,Etan Bourcq,187-296-4674,Italian,,
2,0,Krol,Cami,F,Cami Krol,805-710-8676,Spanish,,
59,0,Laidlaw,Stephana,F,Stephana Laidlaw,859-143-3000,Spanish,,
8136,0,Chomicki,Jess,M,Jess Chomicki,221-484-8282,Mandarin,,
0,1,Kaas,Janot,F,Janot Kaas,794-737-9214,Italian,,
892,0,Serrurier,Honey,F,Honey Serrurier,291-798-7694,Spanish,,
35866,5,Jahan,Brocky,M,Brocky Jahan,904-680-7942,French,,
1,1,Petrou,Harman,M,Harman Petrou,993-905-8879,Spanish,,
3,1,Lown,Laurie,F,Laurie Lown,856-790-6097,French,ELD 1,
961,0,Koppeck,Fred,M,Fred Koppeck,532-919-2296,Spanish,,
32253,3,Wakefield,Meade,F,Meade Wakefield,566-257-2561,Spanish,,
06,3,Lacotte,Leo,M,Leo Lacotte,769-730-5424,French,,
32553,3,Ianizzi,Leslie,M,Leslie Ianizzi,369-247-5179,Spanish,,
3811,1,Itzkovich,Feodora,F,Feodora Itzkovich,160-115-9924,French,,
767,3,Angrove,Pauli,F,Pauli Angrove,577-543-3729,Spanish,ELD 1,
5323,5,Marzelli,Torry,M,Torry Marzelli,619-913-5568,Spanish,,
0166,0,Brightwell,Meggy,F,Meggy Brightwell,734-268-6142,Mandarin,,
00,1,Strainge,Gordon,M,Gordon Strainge,812-241-8324,French,,
68182,3,Eckford,Roberto,M,Roberto Eckford,607-905-4402,Italian,,
4,3,Manthorpe,Wilfrid,M,Wilfrid Manthorpe,897-192-7726,Spanish,ELD 1,
274,1,Abbots,Andrea,M,Andrea Abbots,670-510-0480,French,,
19943,3,Koenen,Web,M,Web Koenen,146-935-5908,Mandarin,,
3,5,Genever,Almeria,F,Almeria Genever,764-718-0757,French,ELD 1,
25,0,Gooda,Dore,M,Dore Gooda,304-363-4872,Spanish,ELD 1,
381,1,Engledow,Dickie,M,Dickie Engledow,387-999-6578,French,,
359,0,Matskevich,Lauren,M,Lauren Matskevich,705-594-5963,Spanish,ELD 1,
2,1,Gladhill,Eugenia,F,Eugenia Gladhill,929-553-5604,French,,
42,1,Keohane,Elva,F,Elva Keohane,403-259-3385,Spanish,,
8,0,Tenman,Cristobal,M,Cristobal Tenman,198-347-4800,Spanish,,
790,5,Kirby,Jule,M,Jule Kirby,589-553-7973,Spanish,ELD 1,
58,0,Withringten,Tanitansy,F,Tanitansy Withringten,372-449-6747,Spanish,ELD 1,
051,5,Drysdale,Valeda,F,Valeda Drysdale,400-633-7269,Spanish,,
8,5,Jankin,Tommy,F,Tommy Jankin,463-513-6723,Spanish,ELD 1,
640,5,de Werk,Farica,F,Farica de Werk,579-353-4999,Spanish,,
6,1,Di Nisco,Omero,M,Omero Di Nisco,256-325-7881,Mandarin,,
3830,0,Naughton,Sherman,M,Sherman Naughton,836-148-2831,Spanish,,
71,5,Archdeckne,Ly,M,Ly Archdeckne,815-602-4971,Mandarin,,
42,3,Foresight,Tracie,F,Tracie Foresight,415-872-2917,Spanish,,
2204,5,Aleshintsev,Dianne,F,Dianne Aleshintsev,580-419-7581,Mandarin,,
7,0,Knock,Jocelyn,F,Jocelyn Knock,943-789-8510,Italian,ELD 1,
85772,5,Caines,Beckie,F,Beckie Caines,272-832-2423,Italian,,
3677,3,Villa,Quintus,M,Quintus Villa,199-257-2801,Spanish,ELD 1,
836,3,Creavin,Deeyn,F,Deeyn Creavin,957-922-4271,Spanish,,
70782,1,Oliphard,Gregory,M,Gregory Oliphard,772-790-5941,Spanish,,
7,1,Hurton,Bevan,M,Bevan Hurton,902-551-6516,Spanish,,
65,0,Asche,Else,F,Else Asche,165-544-1016,Spanish,,
0821,5,Dunstone,Shannan,M,Shannan Dunstone,653-311-4322,French,,
70,0,Moan,Lucius,M,Lucius Moan,885-205-7981,Italian,,
68,3,Fishe,Regine,F,Regine Fishe,268-208-1109,French,ELD 1,
59089,3,Affron,Farica,F,Farica Affron,457-880-8998,Spanish,,
50,3,Divver,Jodie,M,Jodie Divver,376-444-7503,Spanish,,
88760,1,MacCafferky,Gordie,M,Gordie MacCafferky,703-859-9802,French,,
23,1,Farnhill,Flora,F,Flora Farnhill,836-141-7984,Spanish,,
6082,0,Berringer,Vonni,F,Vonni Berringer,164-362-3248,Mandarin,,
65,1,Gardiner,Jori,F,Jori Gardiner,401-249-2536,Mandarin,,
04,1,Davidov,Filippa,F,Filippa Davidov,771-951-3219,Mandarin,,
6608,0,Drust,Tye,M,Tye Drust,802-434-5355,French,,
897,0,Wilton,Sancho,M,Sancho Wilton,382-646-8719,Spanish,,
26317,1,Damiata,Penni,F,Penni Damiata,281-211-3136,French,ELD 1,
6299,1,Late,Suzie,F,Suzie Late,353-140-0320,French,,
1974,0,Pendlenton,Cris,M,Cris Pendlenton,381-142-9520,Spanish,,
235,3,Zuan,Georas,M,Georas Zuan,900-843-5808,Italian,,
575,0,Vannini,Johannes,M,Johannes Vannini,264-621-1609,Italian,,
927,3,Mucillo,Angil,F,Angil Mucillo,817-439-8277,Spanish,,
7307,0,Jacqueminot,Lark,F,Lark Jacqueminot,767-556-8199,Spanish,ELD 1,
1874,5,Eccleston,Krysta,F,Krysta Eccleston,773-446-9825,French,,
6,1,Dealey,Cesare,M,Cesare Dealey,454-282-2206,Spanish,,
53752,3,Munnery,Ambrosius,M,Ambrosius Munnery,691-682-5605,Spanish,,
9,1,Messenbird,Hilton,M,Hilton Messenbird,437-895-9833,Mandarin,ELD 1,
35669,5,Cantera,Phylys,F,Phylys Cantera,839-429-8278,Spanish,,
1,0,Lipgens,Cortie,M,Cortie Lipgens,585-728-9605,Spanish,,
21804,1,Palatini,Lisetta,F,Lisetta Palatini,505-841-2779,Spanish,,
0784,1,Alliot,Carr,M,Carr Alliot,730-668-1359,Spanish,ELD 1,
400,5,Wemyss,Krystle,F,Krystle Wemyss,417-208-3064,Spanish,ELD 1,
8,3,Agett,Britt,M,Britt Agett,267-992-5684,Spanish,,
4412,3,Doerren,Josephina,F,Josephina Doerren,186-972-8306,French,,
86714,3,Budnk,Dave,M,Dave Budnk,353-533-3408,French,,
6741,3,Arons,Pinchas,M,Pinchas Arons,829-357-2083,French,,
8,0,Hardey,Nigel,M,Nigel Hardey,523-599-0761,French,,
060,0,Beckmann,Brandais,F,Brandais Beckmann,813-221-6242,Spanish,,
89,0,Lanphier,Maurizia,F,Maurizia Lanphier,842-216-0264,Spanish,,
7,0,Couchman,Cammy,M,Cammy Couchman,469-577-6558,Spanish,ELD 1,
39261,3,Lucock,Ibrahim,M,Ibrahim Lucock,794-305-6892,Spanish,ELD 1,
13460,1,Hayter,Aarika,F,Aarika Hayter,536-214-6389,Spanish,,
422,5,Sitlington,Aldric,M,Aldric Sitlington,139-266-9086,Spanish,,
3628,5,Philippe,Valida,F,Valida Philippe,808-438-3974,Mandarin,,
383,5,Castillou,Geralda,F,Geralda Castillou,179-175-3497,Spanish,,
6837,5,Brugger,Dionisio,M,Dionisio Brugger,617-751-7197,Spanish,,
06,1,Bernollet,Nico,M,Nico Bernollet,712-635-3903,Spanish,,
29980,5,Vanyutin,Yardley,M,Yardley Vanyutin,515-555-8988,Mandarin,ELD 1,
1,5,Duthie,Shela,F,Shela Duthie,336-274-2785,Spanish,,
46712,0,Elks,Helen,F,Helen Elks,395-350-2247,Mandarin,,
2,0,Gellier,Georgie,M,Georgie Gellier,845-270-4037,French,,
59074,0,Labbe,Elnar,M,Elnar Labbe,268-770-2916,Italian,ELD 1,
41905,3,Strettle,Lissy,F,Lissy Strettle,856-237-4561,Mandarin,,
2,3,Kroll,Elyssa,F,Elyssa Kroll,958-803-2553,Mandarin,ELD 1,
1,5,Satchell,Eliot,M,Eliot Satchell,105-219-0762,Mandarin,ELD 1,
9,5,Matthaus,Aldous,M,Aldous Matthaus,542-839-3148,French,,
3039,3,Renne,Tasia,F,Tasia Renne,308-351-6308,Italian,,
15412,3,Bowery,Burty,M,Burty Bowery,176-210-4667,Mandarin,ELD 1,
5,0,Mark,Jeannie,F,Jeannie Mark,305-744-1699,French,,
433,0,Kovalski,Shayla,F,Shayla Kovalski,686-653-0774,Spanish,ELD 1,
44067,0,Springle,Scot,M,Scot Springle,634-107-4252,Italian,,
35,5,Huffy,Lenore,F,Lenore Huffy,789-580-8174,Spanish,,
590,5,Delieu,Hy,M,Hy Delieu,321-930-2005,Italian,,
180,0,Colvie,Batholomew,M,Batholomew Colvie,900-386-9861,Spanish,,
5035,5,Daymond,Jamill,M,Jamill Daymond,158-959-0044,Spanish,ELD 1,
19,1,Braban,Chrissie,M,Chrissie Braban,821-278-5113,Spanish,,
5,3,Huyton,Robbyn,F,Robbyn Huyton,579-220-7807,Mandarin,,
77595,0,D'Ruel,Helene,F,Helene D'Ruel,963-771-2330,Italian,,
69,5,Qusklay,Romy,F,Romy Qusklay,291-877-9315,Spanish,,
6944,5,Lau,Ahmed,M,Ahmed Lau,614-158-9147,French,,
52,5,Ashingden,Rocky,M,Rocky Ashingden,260-286-8164,Mandarin,,
27252,1,Dodgshon,Peter,M,Peter Dodgshon,592-992-3253,Spanish,,
77,1,Marthen,Nicolas,M,Nicolas Marthen,980-759-5991,Mandarin,,
359,3,Chaim,Goldie,F,Goldie Chaim,260-696-1848,Mandarin,ELD 1,
4958,1,Van der Beek,Yolanthe,F,Yolanthe Van der Beek,226-310-4364,Spanish,ELD 1,
4,0,Bowie,Parsifal,M,Parsifal Bowie,316-909-2493,Spanish,ELD 1,
50305,3,Trythall,Cara,F,Cara Trythall,804-747-8598,Mandarin,ELD 1,
487,0,Riddiough,Ingar,M,Ingar Riddiough,845-273-7827,French,,
09562,0,Brake,Nathalia,F,Nathalia Brake,856-652-3976,Mandarin,ELD 1,
2585,0,Maulkin,Robin,M,Robin Maulkin,271-983-5024,Mandarin,,
69662,0,Jovasevic,Violetta,F,Violetta Jovasevic,746-486-3922,Spanish,,
32002,0,Cadore,Myrtle,F,Myrtle Cadore,989-336-4100,Spanish,,
47346,5,Abercromby,Bud,M,Bud Abercromby,822-244-3991,French,,
88,0,Hawtrey,Laughton,M,Laughton Hawtrey,566-717-8430,Italian,,
856,1,Devoy,Lon,M,Lon Devoy,822-290-0170,Spanish,ELD 1,
169,1,Duerdin,Alyson,F,Alyson Duerdin,388-399-0516,French,,
51,5,Langhor,Lorilee,F,Lorilee Langhor,312-117-2665,Italian,ELD 1,
591,0,Fountaine,Brewer,M,Brewer Fountaine,685-825-4687,French,ELD 1,
4,3,Dallaghan,Thatch,M,Thatch Dallaghan,806-678-5492,Spanish,,
2,3,Tetlow,La verne,F,La verne Tetlow,783-472-3382,Spanish,ELD 1,
42,0,Extence,Mariana,F,Mariana Extence,324-929-1739,French,ELD 1,
9,5,Josephi,Batholomew,M,Batholomew Josephi,440-541-1623,French,,
97,0,Wholesworth,Noelle,F,Noelle Wholesworth,256-280-5024,Spanish,,
89074,1,Baxstar,Lorenzo,M,Lorenzo Baxstar,868-842-6779,Spanish,ELD 1,
93914,0,Purse,Levey,M,Levey Purse,812-855-7364,Italian,,
24426,3,Gerleit,Esme,M,Esme Gerleit,373-897-0724,Spanish,ELD 1,
9,0,Devonside,Delmore,M,Delmore Devonside,431-838-8689,Spanish,,
7,5,Ousley,Bree,F,Bree Ousley,513-651-0099,Mandarin,ELD 1,
3,1,Dellenbach,Marshall,M,Marshall Dellenbach,479-299-0252,French,,
5,3,MacCallion,Ulrick,M,Ulrick MacCallion,213-215-3956,Spanish,ELD 1,
29584,5,Derry,Pollyanna,F,Pollyanna Derry,516-721-1192,French,,
6,3,Schimonek,Leroi,M,Leroi Schimonek,675-312-6009,Mandarin,ELD 1,
291,5,Nerney,Kerrie,F,Kerrie Nerney,163-147-5722,Mandarin,,
75860,3,Stranio,Roddy,M,Roddy Stranio,454-546-2712,Mandarin,,
362,0,Beebee,Berke,M,Berke Beebee,378-772-6874,Italian,,
3,3,Hansen,Noelle,F,Noelle Hansen,382-274-7680,Spanish,,
087,5,Seage,Lucio,M,Lucio Seage,502-748-7123,Spanish,,
288,0,Creigan,Dylan,M,Dylan Creigan,755-155-5849,French,,
65,0,Keyson,Micaela,F,Micaela Keyson,311-991-8184,French,,
3152,0,Bingell,Emmalynne,F,Emmalynne Bingell,814-188-4308,French,,
87270,0,Normanton,Howard,M,Howard Normanton,602-730-1025,French,,
74572,0,Janek,Nathan,M,Nathan Janek,976-503-6724,French,,
1,1,Piner,Jeanine,F,Jeanine Piner,915-669-0713,Mandarin,,
178,5,Duigenan,Deirdre,F,Deirdre Duigenan,377-319-5744,Italian,ELD 1,
36,3,Boullin,Vern,M,Vern Boullin,419-133-4307,English,"",
83071,0,Beange,Tristan,M,Tristan Beange,838-419-0246,English,,
76,1,Geffen,Brucie,M,Brucie Geffen,767-922-9618,English,,
6,0,Wealleans,Lu,F,Lu Wealleans,828-118-1084,English,,
1,3,Fisby,Dieter,M,Dieter Fisby,641-313-0802,English,"",
239,0,Witnall,Durant,M,Durant Witnall,393-464-4318,English,,
137,3,Lamyman,Napoleon,M,Napoleon Lamyman,769-124-7929,English,,
40,0,Watmore,Danella,F,Danella Watmore,850-747-5091,English,,
45,0,Scrowston,Giulio,M,Giulio Scrowston,867-199-9522,English,"",
109,5,Verrill,Phillip,M,Phillip Verrill,478-794-8522,English,"",
60,5,Pettifor,Meg,F,Meg Pettifor,529-294-1162,English,,
528,0,Sloey,Cathyleen,F,Cathyleen Sloey,949-381-9731,English,,
7,5,Bascombe,Rory,M,Rory Bascombe,787-734-7359,English,,
3,3,Summers,Ashlin,M,Ashlin Summers,110-967-8911,English,,
97776,0,Vynoll,Walker,M,Walker Vynoll,818-147-8333,English,,
15692,1,Brittan,Vergil,M,Vergil Brittan,542-798-3731,English,,
25,5,Pidgin,Lorene,F,Lorene Pidgin,283-689-1609,English,"",
66737,1,Mindenhall,Rozele,F,Rozele Mindenhall,802-234-3305,English,,
34,1,Rennels,Brittaney,F,Brittaney Rennels,739-692-1718,English,"",
64,3,Seivertsen,Sonnie,F,Sonnie Seivertsen,499-605-5544,English,,
36,5,Eagan,Raimund,M,Raimund Eagan,219-465-7708,English,,
51699,3,Rickis,Sander,M,Sander Rickis,515-773-8977,English,,
30,1,Miklem,Travis,M,Travis Miklem,539-619-5696,English,,
00467,3,Ervin,Federica,F,Federica Ervin,574-566-6503,English,,
604,1,De Hailes,Manya,F,Manya De Hailes,801-195-8724,English,,
4019,1,Hannibal,Archaimbaud,M,Archaimbaud Hannibal,793-940-6982,English,,
48473,1,Diche,Demetra,F,Demetra Diche,899-480-5991,English,,
3,5,Gordon-Giles,Tani,F,Tani Gordon-Giles,178-696-1701,English,"",
9661,3,Trimming,Clarke,M,Clarke Trimming,848-823-0302,English,"",
677,3,Bromley,Lorianna,F,Lorianna Bromley,857-954-9678,English,,
91659,1,McAirt,Niven,M,Niven McAirt,783-167-2071,English,"",
07225,3,Millthorpe,Paco,M,Paco Millthorpe,743-498-8321,English,,
28254,5,Jope,Gwendolen,F,Gwendolen Jope,430-971-8881,English,"",
939,3,Sandford,Granger,M,Granger Sandford,469-459-4390,English,,
74,0,McCarrell,Gayla,F,Gayla McCarrell,469-976-2824,English,"",
0,0,Carlisi,Vinny,F,Vinny Carlisi,271-422-0838,English,"",
5687,3,Dumbare,Persis,F,Persis Dumbare,420-637-3964,English,,
2,3,Breton,Denyse,F,Denyse Breton,925-905-7053,English,,
1,0,Jaqueme,Annette,F,Annette Jaqueme,848-766-5433,English,,
6474,1,Bussy,Gloria,F,Gloria Bussy,388-564-8007,English,,
65,3,Churms,Gwen,F,Gwen Churms,571-318-8771,English,"",
0582,3,Gotter,Ryun,M,Ryun Gotter,486-904-5771,English,,
797,1,O'Heagertie,Robbyn,F,Robbyn O'Heagertie,328-829-3011,English,,
20874,0,Spearing,Madeline,F,Madeline Spearing,431-622-6287,English,,
4,0,Stainer,Nannie,F,Nannie Stainer,534-283-7712,English,"",
96,5,Linfoot,Florina,F,Florina Linfoot,130-629-6617,English,,
880,0,Wilkie,Darrell,M,Darrell Wilkie,200-256-6292,English,,
5002,5,Savine,Corella,F,Corella Savine,848-989-5291,English,,
2,5,Ricciardelli,Merv,M,Merv Ricciardelli,948-588-1286,English,,
6229,5,Vance,Dene,M,Dene Vance,278-228-1170,English,"",
24981,1,Child,Zea,F,Zea Child,188-319-8762,English,,
652,3,Keymer,Caleb,M,Caleb Keymer,325-440-8397,English,,
0,5,Hendonson,Arabel,F,Arabel Hendonson,432-547-9643,English,,
87,5,Dibden,Saunder,M,Saunder Dibden,826-975-2889,English,,
58,3,Belcham,Casi,F,Casi Belcham,287-931-9621,English,,
25709,5,Judkin,Karalynn,F,Karalynn Judkin,509-288-7645,English,,
072,3,Ambresin,Hartwell,M,Hartwell Ambresin,173-398-4820,English,,
6,1,Alway,Dionisio,M,Dionisio Alway,113-792-3026,English,,
60199,0,Rabier,Rosalynd,F,Rosalynd Rabier,682-368-6973,English,,
48004,1,Ricciardello,Lief,M,Lief Ricciardello,550-178-8692,English,,
71734,5,Gallahue,Ashley,M,Ashley Gallahue,315-333-1684,English,"",
07160,3,Marchelli,Micheal,M,Micheal Marchelli,305-786-3565,English,,
00,5,Grewcock,Noach,M,Noach Grewcock,734-329-2427,English,,
2,5,Eustes,Maire,F,Maire Eustes,728-434-7767,English,"",
24,0,Triggle,Kiah,F,Kiah Triggle,733-448-2522,English,,
197,1,Kaman,Tiertza,F,Tiertza Kaman,306-898-5712,English,,
143,3,Bottomer,Jennie,F,Jennie Bottomer,668-187-2963,English,"",
84387,0,Armsby,Jeramey,M,Jeramey Armsby,681-721-1170,English,,
51434,0,McGeady,Devon,F,Devon McGeady,975-349-1295,English,,
8382,5,Dedman,Eleni,F,Eleni Dedman,267-105-3822,English,,
354,0,Sigmund,Frederick,M,Frederick Sigmund,807-237-8371,English,,
4,3,Grishelyov,Ericha,F,Ericha Grishelyov,638-470-2533,English,,
847,0,Dudding,Basilio,M,Basilio Dudding,916-270-9791,English,,
2,5,Hauxley,Sergeant,M,Sergeant Hauxley,872-143-5920,English,,
007,1,Cheverell,Evangelia,F,Evangelia Cheverell,951-779-8984,English,,
1848,5,Kolin,Janelle,F,Janelle Kolin,494-973-5420,English,,
428,3,Spray,Eloise,F,Eloise Spray,718-271-5887,English,,
241,5,Smallcomb,Eugenio,M,Eugenio Smallcomb,305-601-2634,English,,
6,5,Noton,Fletch,M,Fletch Noton,828-610-0393,English,,
09961,1,Summerside,Cathleen,F,Cathleen Summerside,432-353-2854,English,,
258,1,Taye,Connie,M,Connie Taye,763-401-8100,English,,
8,5,Lamswood,Aylmer,M,Aylmer Lamswood,246-650-7716,English,,
29,1,Basden,Tyrone,M,Tyrone Basden,124-510-2802,English,,
17056,3,Payne,Luce,M,Luce Payne,558-698-2691,English,"",
8,5,Hairesnape,Layne,F,Layne Hairesnape,639-867-8024,English,"",
0194,5,Cantera,Yehudi,M,Yehudi Cantera,414-890-8147,English,,
17679,5,Edghinn,Bale,M,Bale Edghinn,450-313-2719,English,,
41,3,Oliver,Inglis,M,Inglis Oliver,499-380-4165,English,"",
14712,0,Zuanazzi,Barrie,F,Barrie Zuanazzi,801-940-5551,English,"",
5,0,Belham,Sabina,F,Sabina Belham,243-647-2137,English,"",
16,1,Scoggin,Odey,M,Odey Scoggin,713-149-0677,English,,
77061,0,Brazel,Eduardo,M,Eduardo Brazel,929-467-3307,English,,
768,3,Sperring,Monti,M,Monti Sperring,186-239-1517,English,,
6213,5,Kippin,Thoma,M,Thoma Kippin,446-475-6057,English,,
34,3,Sima,Nikolaus,M,Nikolaus Sima,437-248-7840,English,,
4014,5,Gipp,Baron,M,Baron Gipp,503-791-3087,English,,
293,0,Whitechurch,Birgit,F,Birgit Whitechurch,127-909-7013,English,,
766,5,Dakhno,Stephie,F,Stephie Dakhno,751-444-5838,English,,
114,5,Tal,Abner,M,Abner Tal,175-792-4624,English,,
72223,0,Wasylkiewicz,Wayland,M,Wayland Wasylkiewicz,407-231-8652,English,,
6,5,Whyard,Wini,F,Wini Whyard,278-195-4064,English,,
20,0,Stichel,Jsandye,F,Jsandye Stichel,876-947-0196,English,"",
45,1,Hornbuckle,Jonas,M,Jonas Hornbuckle,823-738-7606,English,,
7692,3,Ajsik,Annetta,F,Annetta Ajsik,440-954-6426,English,,
93874,1,Hedditeh,Pauli,F,Pauli Hedditeh,916-608-0946,English,,
00,0,Varga,Barty,M,Barty Varga,144-350-6905,English,,
268,1,Hannis,Charis,F,Charis Hannis,717-621-1829,English,"",
35305,0,Vannoort,Giovanni,M,Giovanni Vannoort,105-643-1640,English,,
23,3,Cropp,Vonnie,F,Vonnie Cropp,443-555-9843,English,,
56,3,Hardson,Vassily,M,Vassily Hardson,286-242-8472,English,,
63,3,Wyrall,Bren,F,Bren Wyrall,434-779-1075,English,,
43594,5,Lorkin,Delphinia,F,Delphinia Lorkin,806-553-5136,English,,
8240,0,Garfath,Tamra,F,Tamra Garfath,350-914-9423,English,"",
918,0,Andreoletti,Terrill,M,Terrill Andreoletti,136-786-8958,English,,
8,0,Smallbone,Jeremie,M,Jeremie Smallbone,727-852-8955,English,,
7757,3,Ducker,Winnie,F,Winnie Ducker,260-292-5668,English,,
1943,3,Quarless,Elisabet,F,Elisabet Quarless,188-350-5356,English,,
607,0,Petry,Michaeline,F,Michaeline Petry,340-734-7806,English,,
3,1,Bassham,Sol,M,Sol Bassham,645-209-7134,English,,
98643,5,Fraine,Guthrey,M,Guthrey Fraine,209-759-1895,English,,
741,5,Scarlon,Maurise,F,Maurise Scarlon,430-807-0308,English,,
403,0,Lebourn,Robyn,F,Robyn Lebourn,455-273-4792,English,,
9316,1,Bransden,Cicely,F,Cicely Bransden,805-833-2620,English,,
17795,1,Cashen,Lucilia,F,Lucilia Cashen,970-187-5191,English,,
1035,5,Paggitt,Jaymee,F,Jaymee Paggitt,282-872-6495,English,,
1937,3,Storkes,Bernie,M,Bernie Storkes,186-984-4968,English,,
094,0,McGaugey,Dena,F,Dena McGaugey,426-724-4917,English,,
9,3,Buckingham,Tully,M,Tully Buckingham,149-924-8409,English,"",
01,5,Taynton,Michael,M,Michael Taynton,183-216-1624,English,,
9,0,Heatlie,Kurtis,M,Kurtis Heatlie,876-784-7066,English,,
55957,3,Riccardi,Nicolle,F,Nicolle Riccardi,691-716-1208,English,,
4069,3,Potts,Robinet,M,Robinet Potts,740-750-4956,English,,
007,1,Furness,Nollie,M,Nollie Furness,903-598-7344,English,"",
372,1,Rohmer,Roana,F,Roana Rohmer,957-252-1791,English,"",
1,5,Paternoster,Babbette,F,Babbette Paternoster,998-511-5579,English,"",
1,1,Killbey,Seymour,M,Seymour Killbey,875-200-8127,English,,
419,5,Eggers,Konstantine,M,Konstantine Eggers,494-374-6748,English,,
2622,1,Storton,Daria,F,Daria Storton,548-310-5323,English,,
5,5,Reuter,Anita,F,Anita Reuter,325-208-0042,English,"",
12,5,Simpole,Madella,F,Madella Simpole,979-297-7440,English,"",
62,5,Yeell,Jared,M,Jared Yeell,839-171-2605,English,,
0881,5,Pucknell,Goldia,F,Goldia Pucknell,581-278-9591,English,,
2696,3,Sollon,Earl,M,Earl Sollon,626-604-5085,English,,
15,0,Lydiatt,Ferris,M,Ferris Lydiatt,242-819-8171,English,,
92645,5,Ginnally,Angelle,F,Angelle Ginnally,345-863-5740,English,"",
919,0,Yakubov,Lillis,F,Lillis Yakubov,506-100-5728,English,"",
7,5,Tertre,Fredra,F,Fredra Tertre,827-770-2743,English,"",
1,1,Romaint,Jarrid,M,Jarrid Romaint,437-557-0430,English,"",
4695,0,Rotter,Krystalle,F,Krystalle Rotter,109-750-0419,English,"",
8685,1,Champerlen,Artemas,M,Artemas Champerlen,875-205-7810,English,"",
088,0,Birds,Kalle,M,Kalle Birds,853-565-3108,English,,
9,0,Alforde,Laurel,F,Laurel Alforde,793-119-2906,English,,
2747,1,Januszkiewicz,Roma,M,Roma Januszkiewicz,682-247-4892,English,,
0608,3,Wormstone,Maryellen,F,Maryellen Wormstone,576-762-7969,English,,
38195,1,Timbrell,Sissy,F,Sissy Timbrell,218-728-7431,English,,
0687,3,Murfill,Kenna,F,Kenna Murfill,678-326-6751,English,,
580,3,Danett,Friedrick,M,Friedrick Danett,432-906-8168,English,,
302,1,Dand,Drona,F,Drona Dand,284-196-1202,English,,
50,3,Jackman,Nannie,F,Nannie Jackman,399-571-9946,English,,
78138,5,D'eye,Cheslie,F,Cheslie D'eye,790-452-7734,English,,
81,0,McCurtain,Kyle,M,Kyle McCurtain,352-726-0650,English,,
68109,1,Ewebank,Agnese,F,Agnese Ewebank,688-925-6974,English,"",
7,3,Bailes,Cyndy,F,Cyndy Bailes,909-509-0849,English,,
941,1,Ewer,Cos,M,Cos Ewer,382-511-6619,English,"",
896,0,Eard,Norri,F,Norri Eard,561-826-9730,English,,
09,1,Espino,Jecho,M,Jecho Espino,474-686-3984,English,"",
9535,5,Fuente,Carolus,M,Carolus Fuente,818-422-7649,English,,
77,3,Theunissen,Rollo,M,Rollo Theunissen,224-282-1023,English,,
365,0,Fassbindler,Darci,F,Darci Fassbindler,896-282-4320,English,"",
547,5,Inkpin,Lacey,F,Lacey Inkpin,878-695-2512,English,"",
8323,0,Battey,Bern,M,Bern Battey,716-963-6411,English,,
90,0,Aistrop,Ellette,F,Ellette Aistrop,687-296-3207,English,"",
8954,3,Terron,Rozina,F,Rozina Terron,473-611-5279,English,,
935,5,Gold,Marysa,F,Marysa Gold,686-941-1820,English,,
0,3,Starkings,Eamon,M,Eamon Starkings,256-756-7287,English,"",
8,5,Rearie,Roddy,M,Roddy Rearie,666-678-9381,English,"",
20,1,Gorry,Anneliese,F,Anneliese Gorry,105-675-8021,English,"",
2,0,Clewlow,Ignacio,M,Ignacio Clewlow,655-244-5144,English,"",
88,5,Ferras,Linc,M,Linc Ferras,572-954-6996,English,,
47,0,Hillum,Dur,M,Dur Hillum,645-359-3560,English,,
19998,5,Shone,Ronny,F,Ronny Shone,580-992-5396,English,,
3776,1,Annett,Cati,F,Cati Annett,713-711-5826,English,,
6023,1,Crutchley,Eva,F,Eva Crutchley,756-524-3588,English,,
7,1,Martindale,Horst,M,Horst Martindale,729-147-0075,English,,
83433,0,O'Hare,Claybourne,M,Claybourne O'Hare,842-254-2733,English,"",
916,0,Kemmer,Sarah,F,Sarah Kemmer,530-241-1366,English,,
6327,0,Slides,Brynne,F,Brynne Slides,688-379-5275,English,,
37,5,Peck,Derril,M,Derril Peck,285-977-5103,English,,
4702,3,Chilton,Courtney,F,Courtney Chilton,306-622-2363,English,,
49,3,Larkkem,Nick,M,Nick Larkkem,426-342-5902,English,,
2162,3,Dignall,Sherill,F,Sherill Dignall,140-731-5186,English,"",
43,0,Jamot,Torie,F,Torie Jamot,236-597-7624,English,,
515,3,Gilfoy,Myrlene,F,Myrlene Gilfoy,652-202-7436,English,,
56,1,Ughini,Margaux,F,Margaux Ughini,834-750-7849,English,,
80,3,Lynds,Rhiamon,F,Rhiamon Lynds,497-258-1258,English,,
239,0,Burley,Nikki,M,Nikki Burley,457-847-9304,English,"",
35,0,Mapplebeck,Hasheem,M,Hasheem Mapplebeck,775-201-3176,English,,
613,5,Janway,Kesley,F,Kesley Janway,115-901-9577,English,"",
8,5,Chastney,Carri,F,Carri Chastney,459-129-8600,English,,
672,1,Goble,Francine,F,Francine Goble,283-755-3771,English,"",
6707,5,Mc Menamin,Hannie,F,Hannie Mc Menamin,594-337-8769,English,,
5002,3,Dyka,Ruperto,M,Ruperto Dyka,494-251-6427,English,,
695,5,Hyett,Xylia,F,Xylia Hyett,777-629-3240,English,"",
09,0,Fitzharris,Tremain,M,Tremain Fitzharris,418-375-1833,English,,
03,5,Weblin,Lockwood,M,Lockwood Weblin,198-235-4080,English,,
92,3,Matis,Ruby,F,Ruby Matis,951-261-3585,English,,
78,5,Shoubridge,Roby,F,Roby Shoubridge,151-732-4914,English,,
9,1,Stuchbury,Jacynth,F,Jacynth Stuchbury,745-664-6524,English,"",
70,5,Lewknor,Adolph,M,Adolph Lewknor,681-601-8667,English,,
5,3,Deegan,Melamie,F,Melamie Deegan,558-908-2563,English,"",
74958,0,Pisco,Emanuele,M,Emanuele Pisco,999-548-9962,English,,
135,3,Winterbottom,Dione,F,Dione Winterbottom,740-112-9710,English,,
0,1,Lucius,Itch,M,Itch Lucius,985-620-0193,English,,
2910,0,Carlesso,Gavrielle,F,Gavrielle Carlesso,367-839-9104,English,"",
84,0,Douce,Brennan,M,Brennan Douce,580-801-4817,English,,
3,3,Gillicuddy,Wilfred,M,Wilfred Gillicuddy,771-262-0045,English,,
12118,0,Loeber,Una,F,Una Loeber,101-115-0119,English,,
56,3,Ive,Pren,M,Pren Ive,770-203-8607,English,"",
2076,3,Thunder,Ki,F,Ki Thunder,156-114-6009,English,"",
1,3,Tax,Denice,F,Denice Tax,550-910-6116,English,,
3,1,Hinrich,Kennett,M,Kennett Hinrich,659-239-0588,English,,
8,0,Yearns,Bernadene,F,Bernadene Yearns,335-631-2877,English,"",
00,0,Vallentin,Whitman,M,Whitman Vallentin,132-535-0609,English,"",
171,0,Arkle,Alvera,F,Alvera Arkle,445-567-9059,English,"",
9305,1,Killock,Bail,M,Bail Killock,424-988-0733,English,,
25,3,Milington,Rodge,M,Rodge Milington,837-953-0946,English,"",
0,5,Le Port,Garrard,M,Garrard Le Port,816-780-0421,English,,
2580,5,Berryann,Delano,M,Delano Berryann,628-203-0408,English,"",
14,3,Carden,Clementia,F,Clementia Carden,768-571-3561,English,,
92582,0,Hove,Irwin,M,Irwin Hove,154-781-6619,English,"",
126,1,Brandrick,Tannie,M,Tannie Brandrick,501-196-2003,English,,
27338,5,Attree,Correna,F,Correna Attree,713-460-8615,English,,
002,5,Balasini,Husein,M,Husein Balasini,676-421-2643,English,"",
86746,5,Rangall,Germain,F,Germain Rangall,620-715-3508,English,,
549,3,Deverock,Sayres,M,Sayres Deverock,839-679-6610,English,,
6740,3,Honacker,Shannon,F,Shannon Honacker,819-975-8258,English,,
38,1,Askem,Kellby,M,Kellby Askem,365-574-9917,English,,
97,0,Euesden,Shannah,F,Shannah Euesden,184-219-4673,English,,
6,3,Chagg,Brandyn,M,Brandyn Chagg,395-339-0150,English,"",
7074,1,Macci,Wendall,M,Wendall Macci,859-630-4878,English,,
43254,3,Gyse,Estella,F,Estella Gyse,756-569-7915,English,,
223,5,Stroton,Georgianne,F,Georgianne Stroton,767-166-6773,English,"",
77478,5,Philipeau,Sonia,F,Sonia Philipeau,726-711-2660,English,"",
62,0,Harkin,Byran,M,Byran Harkin,143-859-9051,English,"",
8,1,Pellett,Gilly,F,Gilly Pellett,394-586-2515,English,,
40,3,Laborde,Kare,F,Kare Laborde,669-835-5818,English,,
0,3,Ezzell,Tiphanie,F,Tiphanie Ezzell,848-757-6664,English,,
44,0,Antoszewski,Marney,F,Marney Antoszewski,352-932-4714,English,,
85,0,Jefferson,Conrad,M,Conrad Jefferson,992-570-8584,English,"",
822,0,Rykert,Gerti,F,Gerti Rykert,202-999-8807,English,,
667,3,Devonshire,Tibold,M,Tibold Devonshire,498-997-6401,English,,
0,5,Jojic,Domingo,M,Domingo Jojic,445-970-0270,English,"",
843,0,Wyleman,Jaine,F,Jaine Wyleman,409-642-6303,English,,
0,0,Koles,Mordy,M,Mordy Koles,625-672-1840,English,"",
53412,3,Skirling,Lenci,M,Lenci Skirling,605-934-2068,English,"",
4179,5,Norquoy,Gratia,F,Gratia Norquoy,404-569-0815,English,"",
59673,1,Morot,Francois,M,Francois Morot,242-121-8946,English,,
8,1,Beckles,Efren,M,Efren Beckles,930-212-7842,English,"",
9789,0,Kirtley,Jarib,M,Jarib Kirtley,911-149-1242,English,,
559,1,Tytler,Estevan,M,Estevan Tytler,917-273-9603,English,"",
78,1,Wethers,Shirline,F,Shirline Wethers,918-461-1195,English,"",
63198,0,Barthelet,Alexina,F,Alexina Barthelet,408-700-5501,English,"",
4855,3,Temprell,Isobel,F,Isobel Temprell,691-794-7236,English,"",
63322,1,Mulvaney,Tabina,F,Tabina Mulvaney,932-251-5380,English,"",
6604,0,Cammacke,Willy,M,Willy Cammacke,704-299-6079,English,,
7972,3,Dunkley,Emera,F,Emera Dunkley,580-758-7478,English,,
0134,5,Tabbernor,Halley,F,Halley Tabbernor,757-661-0487,English,,
261,5,Kerswell,Hercule,M,Hercule Kerswell,548-168-6123,English,,
08314,0,Blakeden,Pren,M,Pren Blakeden,392-751-5793,English,"",
01,1,Pavyer,Giordano,M,Giordano Pavyer,384-560-8203,English,"",
67002,5,Crewdson,Cynthea,F,Cynthea Crewdson,315-427-4634,English,,
35959,5,Falshaw,Mike,M,Mike Falshaw,456-209-9468,English,"",
4,0,Bramhall,Hewitt,M,Hewitt Bramhall,735-885-9689,English,,
6,1,O'Doherty,Johnette,F,Johnette O'Doherty,829-838-4248,English,,
491,3,Oneill,Fiann,F,Fiann Oneill,764-445-9746,English,,
10592,1,Solan,Mirna,F,Mirna Solan,325-678-7319,English,,
4052,5,Suston,Mohandas,M,Mohandas Suston,317-960-8764,English,,
2130,5,Gillison,Hagan,M,Hagan Gillison,332-384-2216,English,"",
05,5,Cawt,Jarrid,M,Jarrid Cawt,293-467-5953,English,"",
0926,1,Delves,Courtney,M,Courtney Delves,248-725-6497,English,"",
64537,0,Wisniewski,Ellie,F,Ellie Wisniewski,400-376-6392,English,,
9817,5,Coppins,Hillary,F,Hillary Coppins,822-599-4186,English,,
32,5,Hankard,Francesco,M,Francesco Hankard,798-513-2547,English,"",
5,5,Collerd,Rickie,F,Rickie Collerd,561-888-0464,English,"",
6,1,Chrstine,Alfred,M,Alfred Chrstine,961-226-5345,English,"",
76,1,Habershon,Lind,M,Lind Habershon,323-683-8993,English,"",
0708,0,Artiss,Maribelle,F,Maribelle Artiss,864-824-0261,English,,
28366,1,Comettoi,Patsy,M,Patsy Comettoi,502-714-7845,English,,
34,0,Barrowcliffe,Carlina,F,Carlina Barrowcliffe,757-916-3105,English,,
836,1,Mockford,Nanine,F,Nanine Mockford,425-289-3906,English,,
35215,1,Tiernan,Lanie,F,Lanie Tiernan,708-467-2256,English,"",
3612,5,Grangier,Greggory,M,Greggory Grangier,710-316-8568,English,"",
4267,3,Halahan,Merrill,F,Merrill Halahan,678-992-0473,English,"",
2,1,Stoute,Georg,M,Georg Stoute,522-831-4044,English,,
51187,3,Beattie,Alvin,M,Alvin Beattie,330-398-1223,English,,
21975,1,Skatcher,Billy,M,Billy Skatcher,736-116-7467,English,,
74251,3,Dell Casa,Ivie,F,Ivie Dell Casa,634-504-0260,English,,
97,5,Raynes,Querida,F,Querida Raynes,715-339-9755,English,,
8,5,Garfield,Silvanus,M,Silvanus Garfield,560-250-4636,English,"",
435,3,Jakubovsky,Delores,F,Delores Jakubovsky,125-566-6750,English,,
7,1,Broady,Marcel,M,Marcel Broady,460-611-2058,English,"",
654,3,Dallinder,Corbet,M,Corbet Dallinder,794-125-2580,English,,
3,3,Pietruschka,Idaline,F,Idaline Pietruschka,410-150-6062,English,,
1,0,Dunridge,Gil,M,Gil Dunridge,681-275-9839,English,,
5,3,Lampens,Shellysheldon,M,Shellysheldon Lampens,790-989-6715,English,,
8924,3,Marre,Konrad,M,Konrad Marre,744-861-3905,English,"",
87573,0,Brackenbury,Anny,F,Anny Brackenbury,245-755-6962,English,,
577,5,Griss,Inness,M,Inness Griss,948-682-0684,English,,
268,5,Penhaligon,Sella,F,Sella Penhaligon,500-505-6771,English,,
17,0,Hayball,Michel,M,Michel Hayball,312-902-2905,English,"",
4052,5,Durrant,Ina,F,Ina Durrant,541-785-8199,English,,
687,5,Linley,Karlee,F,Karlee Linley,324-642-1058,English,,
4,3,Patey,Keven,M,Keven Patey,961-469-9398,English,,
29,0,Hagstone,Dilly,M,Dilly Hagstone,560-762-7566,English,,
9,3,Guilder,Bronson,M,Bronson Guilder,714-202-1718,English,,
68,1,Grund,Lauraine,F,Lauraine Grund,189-583-8740,English,"",
407,3,MacAndreis,Consuela,F,Consuela MacAndreis,810-352-2993,English,"",
537,1,Legion,Amberly,F,Amberly Legion,330-112-6467,English,,
16,0,O'Sesnane,Zechariah,M,Zechariah O'Sesnane,315-872-5515,English,"",
19035,5,Bourthoumieux,Zaria,F,Zaria Bourthoumieux,485-391-0928,English,"",
1777,5,Pennacci,Morly,M,Morly Pennacci,921-215-3930,English,,
87434,5,Lisle,Lennie,M,Lennie Lisle,497-335-5789,English,"",
80,0,Petit,Packston,M,Packston Petit,872-975-7660,English,,
01585,3,Falls,Ethelbert,M,Ethelbert Falls,674-836-4974,English,,
314,1,Aldhouse,Rodolfo,M,Rodolfo Aldhouse,560-669-0050,English,,
22,0,Josephsen,Carmelina,F,Carmelina Josephsen,678-213-7859,English,"",
90005,5,Cotter,Felicdad,F,Felicdad Cotter,741-221-7732,English,"",
45,5,Punton,Andree,F,Andree Punton,106-192-9476,English,"",
48,1,Lampaert,Antoine,M,Antoine Lampaert,527-626-5614,English,"",
59457,5,McOrkill,Trev,M,Trev McOrkill,588-360-1205,English,,
40,3,Toynbee,Pepillo,M,Pepillo Toynbee,409-778-3225,English,,
83011,0,Bareham,Briana,F,Briana Bareham,660-109-0956,English,,
0,1,Reisen,Shelagh,F,Shelagh Reisen,470-521-3941,English,,
753,5,Gabbidon,Fons,M,Fons Gabbidon,521-960-2981,English,,
7815,5,Hastie,Monte,M,Monte Hastie,286-244-1025,English,,
29961,0,Massimi,Krystalle,F,Krystalle Massimi,379-426-5083,English,,
247,3,Scaice,Man,M,Man Scaice,981-888-6332,English,"",
74303,3,Trorey,Celesta,F,Celesta Trorey,843-648-4638,English,,
9921,0,Beal,Chucho,M,Chucho Beal,591-603-9034,English,,
97,3,Semor,Rosanne,F,Rosanne Semor,957-843-8398,English,"",
3,3,Haster,Reinaldo,M,Reinaldo Haster,687-945-5226,English,,
37177,1,Bearcock,Sandie,F,Sandie Bearcock,163-913-4310,English,,
792,0,Duigan,Farrel,M,Farrel Duigan,372-870-9561,English,,
234,5,Revel,Esta,F,Esta Revel,873-755-8759,English,,
324,3,Henstridge,Noe,M,Noe Henstridge,903-723-2463,English,,
4848,3,Ikins,Justinn,F,Justinn Ikins,533-534-9123,English,,
0281,1,Dorrins,Brit,M,Brit Dorrins,225-836-1011,English,,
532,5,Whife,Lothario,M,Lothario Whife,342-103-8729,English,"",
34,0,Butler-Bowdon,Allie,F,Allie Butler-Bowdon,765-590-7692,English,,
98533,1,Shrimpton,Jacenta,F,Jacenta Shrimpton,246-528-9392,English,,
8,3,Oventon,Roselia,F,Roselia Oventon,115-461-0265,English,,
4,1,Palfree,Berkeley,M,Berkeley Palfree,588-539-0080,English,"",
11099,3,Riggeard,Avictor,M,Avictor Riggeard,773-204-2586,English,"",
00063,0,O'Hannay,Jobi,F,Jobi O'Hannay,968-960-7270,English,,
7319,3,Meekin,Woodrow,M,Woodrow Meekin,526-460-5117,English,,
569,5,Lidstone,Illa,F,Illa Lidstone,825-228-3532,English,,
31,5,Mowbury,Ilario,M,Ilario Mowbury,239-755-0127,English,"",
73464,0,McIndoe,Carena,F,Carena McIndoe,875-866-3921,English,,
1,3,Flacknoe,Ricardo,M,Ricardo Flacknoe,530-410-9850,English,,
7406,5,Duddle,Georgette,F,Georgette Duddle,363-796-7402,English,,
12,3,Lambarton,Oliy,F,Oliy Lambarton,555-182-8185,English,,
382,5,Casin,Augusta,F,Augusta Casin,578-589-3847,English,"",
197,5,Castan,Prue,F,Prue Castan,364-435-6341,English,,
5,0,Brightling,Eartha,F,Eartha Brightling,238-203-9543,English,,
7,3,Braden,Cleveland,M,Cleveland Braden,171-503-9651,English,,
5,3,Gudyer,Muire,F,Muire Gudyer,116-781-1037,English,"",
091,1,Reeman,Dorothea,F,Dorothea Reeman,678-804-5766,English,,
14,5,Jemmett,Matty,M,Matty Jemmett,561-216-3936,English,,
130,0,Penhalurick,Buffy,F,Buffy Penhalurick,272-940-1147,English,,
07447,3,Cordero,Bartholomeus,M,Bartholomeus Cordero,237-861-2190,English,"",
7033,0,Beauman,Carlye,F,Carlye Beauman,244-543-9169,English,,
72564,1,Selesnick,Margie,F,Margie Selesnick,759-892-9850,English,"",
815,3,Ianilli,Phineas,M,Phineas Ianilli,459-888-8938,English,"",
7,0,Voas,Alard,M,Alard Voas,123-167-4119,English,,
98121,5,Pauletti,Peyton,M,Peyton Pauletti,903-654-3256,English,"",
3,3,Petit,Hazel,M,Hazel Petit,327-169-8010,English,,
77072,1,Bust,Bobina,F,Bobina Bust,958-714-9973,English,,
8932,1,Narraway,Aurelea,F,Aurelea Narraway,868-390-7626,English,,
019,5,Berresford,Marguerite,F,Marguerite Berresford,601-292-3188,English,,
45,5,Bettesworth,Nikolaus,M,Nikolaus Bettesworth,420-100-6076,English,,
274,0,Shackesby,Chuck,M,Chuck Shackesby,914-790-9768,English,,
980,5,Brookbank,Barb,F,Barb Brookbank,131-616-4400,English,,
8,3,Lord,Marlene,F,Marlene Lord,931-932-2851,English,"",
012,5,Domange,Carmen,F,Carmen Domange,970-469-8722,English,,
91,0,Erridge,Yovonnda,F,Yovonnda Erridge,472-635-4628,English,,
5459,5,Manneville,Buffy,F,Buffy Manneville,203-240-3628,English,"",
71,5,Cafe,Brucie,M,Brucie Cafe,146-469-2814,English,,
449,1,Sarra,Othelia,F,Othelia Sarra,529-183-6145,English,,
8,1,Edgington,Cos,M,Cos Edgington,169-775-3030,English,,
80661,1,Hicks,Job,M,Job Hicks,699-537-6236,English,,
6,3,Bathersby,Anetta,F,Anetta Bathersby,843-757-6664,English,"",
45,5,McGonnell,Guillermo,M,Guillermo McGonnell,770-509-2617,English,,
6354,3,Purshouse,Rubia,F,Rubia Purshouse,271-532-2209,English,"",
7,0,Kleinsinger,Roselin,F,Roselin Kleinsinger,709-781-6103,English,"",
93012,3,Frostick,Carver,M,Carver Frostick,911-747-5663,English,,
048,0,Doumerque,Rab,M,Rab Doumerque,904-650-1807,English,,
757,1,Stonhard,Tommie,F,Tommie Stonhard,897-520-2313,English,"",
1,1,Ragbourne,Di,F,Di Ragbourne,155-113-9058,English,,
2,3,Iredale,Atlante,F,Atlante Iredale,125-896-0199,English,"",
459,3,Heighton,Dita,F,Dita Heighton,921-890-6775,French,ELD 1,
5260,5,Lovelace,Carlee,F,Carlee Lovelace,661-544-7695,Spanish,,
77,0,Morpeth,Eada,F,Eada Morpeth,510-756-3146,Spanish,ELD 4,
7,0,Moston,Arel,M,Arel Moston,367-468-6136,Mandarin,,
07368,0,Vyse,Modestia,F,Modestia Vyse,100-438-9553,Italian,,
56,0,McConigal,Jeramie,M,Jeramie McConigal,492-431-8855,Mandarin,,
12690,3,Camell,Anastasia,F,Anastasia Camell,137-691-9530,Spanish,ELD 3,
