Student ID,Last Schl,Last Name,First Name,Gender,Parent/guardian,Primary Phone,Description_HL,Group Memberships?,POD GROUP
2,5,Risbrough,Phylis,F,Phylis Risbrough,628-700-6432,Spanish,ELD 1,
0,3,Gilbey,Kira,F,Kira Gilbey,890-788-0498,French,ELD 1,
6,3,Kardos,Menard,M,Menard Kardos,100-969-4697,Mandarin,,
26,3,Dicey,Krysta,F,Krysta Dicey,942-876-7189,Spanish,,
25137,1,Berthel,Ugo,M,Ugo Berthel,750-354-9073,Spanish,,
4,0,Yousef,Arly,F,Arly Yousef,801-575-2626,Mandarin,,
24,0,Petrecz,Kynthia,F,Kynthia Petrecz,381-863-7334,Spanish,,
44,5,Curror,Sunny,M,Sunny Curror,898-986-6920,Italian,,
270,3,Gostling,Shea,M,Shea Gostling,523-869-7556,Spanish,,
66,0,Laurant,Donny,M,Donny Laurant,323-725-4908,Spanish,,
27544,1,Glennard,Alane,F,Alane Glennard,812-490-0761,Spanish,,
438,3,Elsom,Paulette,F,Paulette Elsom,554-301-5838,Spanish,,
73324,5,Cartmill,Brear,F,Brear Cartmill,668-460-4691,Spanish,,
41,5,Cossington,Indira,F,Indira Cossington,721-453-2321,Mandarin,,
21620,3,Chalker,Mickie,M,Mickie Chalker,194-352-7388,Spanish,,
63,1,Camamile,Darrin,M,Darrin Camamile,593-998-8255,Mandarin,ELD 1,
1,3,Souter,Andrey,M,Andrey Souter,774-678-7785,Spanish,,
3727,0,Teare,Engelbert,M,Engelbert Teare,389-579-9092,Spanish,,
61,1,Brabham,Joeann,F,Joeann Brabham,538-139-8471,French,,
2474,1,Cribbin,Bruce,M,Bruce Cribbin,927-186-0353,Spanish,,
7552,1,Syder,Mavis,F,Mavis Syder,575-228-7677,French,,
66,5,Edyson,Christian,F,Christian Edyson,711-498-0927,Mandarin,,
60354,0,McBrearty,Querida,F,Querida McBrearty,692-408-2362,Mandarin,,
24,1,Crevy,Gray,F,Gray Crevy,703-764-6643,French,,
64033,1,Applegate,Nelly,F,Nelly Applegate,594-473-4774,French,,
9,5,Lovelace,Inez,F,Inez Lovelace,711-145-2544,Mandarin,,
84,1,Peracco,Rakel,F,Rakel Peracco,389-415-8075,French,,
113,3,Dobrowolski,Johnnie,M,Johnnie Dobrowolski,516-766-1481,Spanish,ELD 1,
593,0,Baildon,Courtenay,F,Courtenay Baildon,491-933-2954,French,,
9,5,Doherty,Deck,M,Deck Doherty,122-920-9462,Mandarin,,
4184,3,Cornill,Adamo,M,Adamo Cornill,660-229-6054,Spanish,,
8508,1,O'Cullinane,Marjory,F,Marjory O'Cullinane,161-398-9874,Spanish,ELD 1,
85255,5,Willock,Alvira,F,Alvira Willock,516-384-9189,French,ELD 1,
50085,5,Tilbury,Francklyn,M,Francklyn Tilbury,143-817-1711,Spanish,,
65,5,Scheffler,Gleda,F,Gleda Scheffler,239-961-8599,Spanish,,
919,0,Digance,Clarie,F,Clarie Digance,668-906-1808,Mandarin,,
95217,3,Twell,Bobbi,F,Bobbi Twell,786-619-1734,Spanish,,
5349,5,Seller,Dori,F,Dori Seller,245-430-7122,Spanish,,
8,5,Wythill,Lucita,F,Lucita Wythill,335-853-0824,Spanish,,
55,3,Brookes,Antoine,M,Antoine Brookes,150-488-0114,Spanish,,
5020,5,Cradock,Dennison,M,Dennison Cradock,243-311-9113,Mandarin,ELD 1,
2898,1,Leith,Perry,M,Perry Leith,629-981-8034,Mandarin,ELD 1,
8,1,Braunter,Barnaby,M,Barnaby Braunter,655-140-5627,Italian,,
65,5,Kither,Flossy,F,Flossy Kither,979-594-8214,Mandarin,,
6,1,Laba,Darbie,F,Darbie Laba,942-195-2744,Spanish,,
4895,1,Hansen,Alika,F,Alika Hansen,202-366-1431,Mandarin,ELD 1,
52,1,Smale,Cobb,M,Cobb Smale,628-481-8885,Spanish,,
96,0,Dressell,Salomi,F,Salomi Dressell,810-266-8733,Spanish,,
58105,5,Pfertner,Gannon,M,Gannon Pfertner,968-289-7478,Mandarin,ELD 1,
6467,3,Van Oort,Inglebert,M,Inglebert Van Oort,771-980-9962,Spanish,ELD 1,
6591,0,Fust,Merry,M,Merry Fust,138-540-7119,French,,
7,0,Digges,Perrine,F,Perrine Digges,729-731-5685,Mandarin,,
2203,5,Kett,Noe,M,Noe Kett,665-356-9814,Spanish,,
1,5,Duberry,Gerhardine,F,Gerhardine Duberry,396-675-1815,Italian,,
4537,1,Rosell,Herby,M,Herby Rosell,460-371-9267,Spanish,,
30,0,Mustchin,Lazarus,M,Lazarus Mustchin,312-906-8531,Mandarin,ELD 1,
371,3,Ludovici,Antoni,M,Antoni Ludovici,680-607-5126,Mandarin,ELD 1,
38,5,Dyton,Hilary,M,Hilary Dyton,668-916-3312,Spanish,,
9873,5,Rushman,Kalle,M,Kalle Rushman,811-975-3909,Mandarin,,
4958,5,Airs,Alysia,F,Alysia Airs,865-867-4455,French,ELD 1,
25587,5,Kretschmer,Nomi,F,Nomi Kretschmer,201-740-6395,French,,
2,5,Matura,Corey,M,Corey Matura,421-700-3582,Spanish,,
4,1,Heditch,Salomo,M,Salomo Heditch,130-962-5653,Mandarin,,
3989,3,Fradson,Juan,M,Juan Fradson,876-245-5023,Spanish,ELD 1,
51,0,Perkins,Meredeth,M,Meredeth Perkins,795-624-3025,French,,
64,3,Grave,Evaleen,F,Evaleen Grave,666-342-8006,Spanish,,
101,1,Cushe,Milton,M,Milton Cushe,761-366-2408,Spanish,,
85973,0,Talton,Jolie,F,Jolie Talton,307-225-7795,Mandarin,ELD 1,
664,1,Fenimore,Oswald,M,Oswald Fenimore,417-707-3339,Spanish,ELD 1,
7331,3,Hlavac,Keslie,F,Keslie Hlavac,767-889-2445,French,ELD 1,
30898,1,Kennet,Donovan,M,Donovan Kennet,452-722-3609,Spanish,,
123,1,Vedeniktov,Adi,F,Adi Vedeniktov,814-516-9612,French,,
3,1,Jiricka,Marleen,F,Marleen Jiricka,550-857-7363,Mandarin,ELD 1,
6611,5,MacVanamy,Yasmin,F,Yasmin MacVanamy,942-148-9751,French,ELD 1,
3,1,McGeorge,Jacquie,F,Jacquie McGeorge,624-195-3971,Spanish,,
82,0,Prandini,Noah,M,Noah Prandini,458-766-1412,Mandarin,,
963,5,Beston,Nelie,F,Nelie Beston,766-814-9874,Spanish,,
690,5,Cavet,Yancy,M,Yancy Cavet,341-984-9353,Spanish,,
6,1,Riehm,Jason,M,Jason Riehm,722-593-1060,Spanish,,
6,5,Ivic,Gennifer,F,Gennifer Ivic,496-817-1471,Spanish,ELD 1,
6,1,Lonnon,Rad,M,Rad Lonnon,481-570-7611,French,,
72,1,Ehlerding,Leonidas,M,Leonidas Ehlerding,424-941-4052,Mandarin,ELD 1,
66474,1,Ashdown,Cordelia,F,Cordelia Ashdown,255-507-6426,Spanish,,
4,1,Latta,Sarge,M,Sarge Latta,405-147-5281,Spanish,,
8403,1,Shirtliff,Melody,F,Melody Shirtliff,310-593-7211,Spanish,,
57,1,McCrillis,Tony,M,Tony McCrillis,737-604-7887,Spanish,,
81787,5,Farquhar,Moses,M,Moses Farquhar,372-439-6638,Spanish,,
29,5,Ghirardi,Alicea,F,Alicea Ghirardi,734-134-3495,Spanish,,
55,1,Lipscomb,Gonzalo,M,Gonzalo Lipscomb,579-883-4379,French,,
9501,3,Haily,Mellie,F,Mellie Haily,743-750-8055,Spanish,,
8132,0,Haddy,Joeann,F,Joeann Haddy,338-451-0252,Mandarin,ELD 1,
207,5,De Mitri,Alyse,F,Alyse De Mitri,114-570-9377,Spanish,,
23462,1,Castlake,Xena,F,Xena Castlake,345-918-5928,French,,
8,0,Thistleton,Onfre,M,Onfre Thistleton,273-624-4471,Spanish,,
556,3,Martinson,Enrica,F,Enrica Martinson,858-459-3381,French,,
8989,0,Whithorn,Stephen,M,Stephen Whithorn,387-391-0229,Spanish,,
8,5,Gerrelts,Ambrosi,M,Ambrosi Gerrelts,684-935-6100,Mandarin,,
5277,3,Corse,Alverta,F,Alverta Corse,660-919-3884,Spanish,,
133,0,Yurevich,Ross,M,Ross Yurevich,236-988-0124,,,
60,5,Luebbert,Andree,F,Andree Luebbert,818-461-4334,,,
79,0,Dongall,Debora,F,Debora Dongall,265-355-8846,,,
4,5,Halgarth,Karlens,M,Karlens Halgarth,438-327-8287,,,
59,5,McKenzie,Wilma,F,Wilma McKenzie,829-281-7941,,,
58,1,Bello,Sonny,M,Sonny Bello,479-592-8092,,,
4,1,Simek,Elia,M,Elia Simek,676-249-2212,,,
25643,1,Okeshott,Amby,M,Amby Okeshott,213-121-2987,,,
40561,1,Grinaugh,Vaclav,M,Vaclav Grinaugh,930-868-1033,,,
6,5,Ratnage,Mirna,F,Mirna Ratnage,581-385-1281,,,
98785,3,Bispham,Clifford,M,Clifford Bispham,296-230-9621,,,
46247,5,Rumin,Winonah,F,Winonah Rumin,601-861-7946,,,
25,5,Stear,Lynnea,F,Lynnea Stear,792-982-4648,,,
8,5,Borell,Alphonso,M,Alphonso Borell,910-880-6710,,,
49836,3,MacIntosh,Clemmie,F,Clemmie MacIntosh,172-443-4800,,,
73,1,Mather,Adelbert,M,Adelbert Mather,363-249-3511,,,
304,0,Greenless,Beatrice,F,Beatrice Greenless,463-365-9998,,,
8,1,Titcombe,Cris,F,Cris Titcombe,549-938-8011,,,
4,5,Dinjes,Pippa,F,Pippa Dinjes,400-152-6585,,,
4,0,Dengel,Vale,M,Vale Dengel,492-409-5399,,,
402,1,Sellors,Sheela,F,Sheela Sellors,621-231-9810,,,
298,3,Boothroyd,Beauregard,M,Beauregard Boothroyd,887-540-1030,,,
2,5,Holbarrow,Gal,M,Gal Holbarrow,917-595-5390,,,
942,5,Linsley,Cesaro,M,Cesaro Linsley,230-922-2860,,,
6326,5,Reightley,Norry,M,Norry Reightley,185-107-3120,,,
406,1,Brinsford,Alden,M,Alden Brinsford,521-811-8089,,,
4,1,Krates,Cindelyn,F,Cindelyn Krates,348-505-4788,,,
92,1,Dunstone,Dinny,F,Dinny Dunstone,331-675-6154,,,
91,0,Skryne,Reamonn,M,Reamonn Skryne,597-787-6866,,,
5579,0,Burton,Riobard,M,Riobard Burton,388-773-7276,,,
9,3,Karlolak,Westbrooke,M,Westbrooke Karlolak,481-669-8931,,,
0,5,Shiers,Mac,M,Mac Shiers,323-226-7803,,,
522,3,Cellone,Rosina,F,Rosina Cellone,952-344-8084,,,
54,3,Habbon,Ruby,F,Ruby Habbon,829-968-6368,,,
39,1,Bilbery,Tobiah,M,Tobiah Bilbery,364-457-1354,,,
64,5,Rude,Sindee,F,Sindee Rude,593-842-9737,,,
3,3,Streader,Ginnifer,F,Ginnifer Streader,177-909-3393,,,
14616,5,Beeck,Neron,M,Neron Beeck,949-221-4598,,,
82,1,Boch,Angelo,M,Angelo Boch,480-860-0159,,,
119,0,Hazeldene,Allayne,M,Allayne Hazeldene,447-904-3509,,,
14488,5,Marcum,Elwira,F,Elwira Marcum,152-156-9589,,,
6837,5,MacUchadair,Laurena,F,Laurena MacUchadair,238-668-6090,,,
32,1,Serotsky,Wally,F,Wally Serotsky,628-456-0203,,,
4788,1,Tinkler,Derby,M,Derby Tinkler,486-844-2405,,,
56,3,Pinel,Royce,M,Royce Pinel,907-600-9232,,,
207,0,Malin,Franz,M,Franz Malin,261-640-1432,,,
435,5,Giraudo,Filia,F,Filia Giraudo,126-392-3587,,,
4746,1,Sorsby,Tymon,M,Tymon Sorsby,676-865-9459,,,
66,1,McSaul,Marlie,F,Marlie McSaul,917-868-3133,,,
1,0,Yakushkin,Leroy,M,Leroy Yakushkin,205-991-4121,,,
91,5,Lanmeid,Quinton,M,Quinton Lanmeid,693-497-3135,,,
617,1,Lesser,Hatty,F,Hatty Lesser,286-751-3142,,,
99,1,Arrigucci,Eugenio,M,Eugenio Arrigucci,612-721-0555,,,
8,3,Bellino,Andrej,M,Andrej Bellino,149-603-4940,,,
87465,3,Yong,Nichole,F,Nichole Yong,747-807-9113,,,
16852,3,Gasken,Arturo,M,Arturo Gasken,495-145-0598,,,
2,3,Troubridge,Odell,M,Odell Troubridge,202-303-0585,,,
1,0,Paulton,Nico,M,Nico Paulton,616-176-4485,,,
4,3,Lavigne,Ricca,F,Ricca Lavigne,371-701-2097,,,
837,0,Luard,Fae,F,Fae Luard,865-897-0063,,,
472,3,La Padula,Malinde,F,Malinde La Padula,778-440-9104,,,
93770,3,Rudloff,Nerti,F,Nerti Rudloff,798-867-9320,,,
46414,1,Janse,Sigrid,F,Sigrid Janse,502-870-2265,,,
5055,5,Frunks,Zaneta,F,Zaneta Frunks,160-537-8547,,,
2,0,Wyburn,Jenilee,F,Jenilee Wyburn,486-950-7248,,,
2,3,Riccelli,Rolando,M,Rolando Riccelli,217-314-9761,,,
77858,0,Wesley,Jaimie,F,Jaimie Wesley,151-718-7443,,,
1,3,Bril,Elnar,M,Elnar Bril,408-570-4345,,,
8215,1,Casacchia,Edna,F,Edna Casacchia,904-543-6770,,,
504,0,Diben,Karissa,F,Karissa Diben,889-286-8307,,,
794,5,Janway,Tomasina,F,Tomasina Janway,812-243-2689,,,
5744,1,Croley,Merry,F,Merry Croley,330-675-0050,,,
96,5,Weale,Atlanta,F,Atlanta Weale,710-269-2509,,,
94,5,Whitelaw,Agna,F,Agna Whitelaw,602-577-5920,,,
89,0,Yakushkev,Meta,F,Meta Yakushkev,336-547-4744,,,
7,5,Alyokhin,Zak,M,Zak Alyokhin,281-124-1865,,,
1,3,St. Hill,Cyrillus,M,Cyrillus St. Hill,720-173-6118,,,
93,3,Stollsteimer,Joela,F,Joela Stollsteimer,497-784-2170,,,
5103,0,Marousek,Jozef,M,Jozef Marousek,351-299-2012,,,
321,5,Linfitt,Evelin,M,Evelin Linfitt,584-205-0314,,,
9940,0,Densumbe,Albie,M,Albie Densumbe,374-321-8290,,,
7194,5,Casacchia,Molli,F,Molli Casacchia,541-857-4875,,,
11959,0,Ballach,Felipa,F,Felipa Ballach,651-662-2859,,,
8,0,Handsheart,Kariotta,F,Kariotta Handsheart,488-416-4350,,,
0,5,Lowerson,Bay,M,Bay Lowerson,806-105-4180,,,
745,0,Rennie,Clarabelle,F,Clarabelle Rennie,108-149-2429,,,
22776,5,Ceely,Vladamir,M,Vladamir Ceely,736-524-4070,,,
445,1,Crippen,Ailis,F,Ailis Crippen,181-963-4331,,,
249,1,Maddock,Kirsti,F,Kirsti Maddock,902-209-8113,,,
118,5,Yearby,Ruddy,M,Ruddy Yearby,206-979-7156,,,
3513,3,Salmond,Hew,M,Hew Salmond,949-898-9284,,,
41,3,Dyott,Corinna,F,Corinna Dyott,220-128-4817,,,
589,1,Hadigate,Dolorita,F,Dolorita Hadigate,258-307-9618,,,
6,0,McGirl,Garrik,M,Garrik McGirl,991-440-6548,,,
6789,1,Vieyra,Hewie,M,Hewie Vieyra,895-859-2080,,,
84950,5,Belliard,Sax,M,Sax Belliard,217-458-0746,,,
70,3,Hussy,Paige,F,Paige Hussy,654-883-1101,,,
716,3,Folan,Addie,M,Addie Folan,920-129-8657,,,
4,0,O'Donohue,Dorthy,F,Dorthy O'Donohue,884-204-6006,,,
8752,1,Lundy,Tobe,M,Tobe Lundy,672-460-9248,,,
36,3,Coalburn,Marsiella,F,Marsiella Coalburn,893-933-6844,,,
258,0,Prangley,Price,M,Price Prangley,822-985-5548,,,
5,3,Reinhart,Gibb,M,Gibb Reinhart,551-768-4734,,,
241,5,Guly,Corette,F,Corette Guly,466-323-0349,,,
73,0,Garlick,Angele,F,Angele Garlick,884-247-4482,,,
6027,0,Clemenceau,Ola,F,Ola Clemenceau,512-932-3112,,,
915,3,Pratte,Malanie,F,Malanie Pratte,953-722-5007,,,
10,1,Bowra,Priscella,F,Priscella Bowra,907-529-4061,,,
956,3,Raggitt,Nerty,F,Nerty Raggitt,975-362-3612,,,
5,1,Dulieu,Galven,M,Galven Dulieu,432-135-1493,,,
277,0,Bolzen,Tye,M,Tye Bolzen,118-371-5245,,,
1,5,Reucastle,Constantine,M,Constantine Reucastle,526-164-0144,,,
26189,3,Daine,Dougie,M,Dougie Daine,791-702-9264,,,
5,5,Matthaus,Hedwiga,F,Hedwiga Matthaus,775-609-8853,,,
31,3,Riddler,Salim,M,Salim Riddler,482-350-4661,,,
451,5,Applewhaite,Adolphe,M,Adolphe Applewhaite,557-272-9296,,,
335,0,Licciardi,Boote,M,Boote Licciardi,272-263-7019,,,
548,0,Whyborne,Ivonne,F,Ivonne Whyborne,902-483-0349,,,
73312,5,Cordet,Cher,F,Cher Cordet,811-165-9177,,,
79,0,Ivannikov,Gwynne,F,Gwynne Ivannikov,957-805-3991,,,
0,0,Suffield,Meagan,F,Meagan Suffield,205-761-7810,,,
4,3,McAnulty,Eleen,F,Eleen McAnulty,826-503-8873,,,
6269,0,Championnet,Ahmad,M,Ahmad Championnet,456-573-3514,,,
194,1,Imlaw,Lee,M,Lee Imlaw,756-361-9508,,,
63118,0,Kleinplatz,Ev,M,Ev Kleinplatz,454-609-8117,,,
7,0,Bullene,Poppy,F,Poppy Bullene,966-942-8881,,,
50978,1,Saban,Chuck,M,Chuck Saban,533-456-0043,,,
92504,3,Gilley,Edwin,M,Edwin Gilley,654-602-8473,,,
61,1,Raunds,Rahel,F,Rahel Raunds,400-467-0450,,,
86186,5,Briffett,Frants,M,Frants Briffett,447-329-2896,,,
9,3,Baughen,Eden,F,Eden Baughen,778-783-0748,,,
32459,0,Hazeman,Winfred,M,Winfred Hazeman,472-392-0467,,,
24,1,Snowling,Ilene,F,Ilene Snowling,578-952-4427,,,
86,3,Grenshiels,Ede,F,Ede Grenshiels,468-114-3856,,,
70,0,McConnel,Creight,M,Creight McConnel,344-394-8523,,,
96758,5,Sheryn,Payton,M,Payton Sheryn,165-513-0245,,,
59835,5,Tison,Der,M,Der Tison,102-939-4580,,,
9,5,Summerfield,Louie,M,Louie Summerfield,215-686-7607,,,
0,3,Coronado,Krystle,F,Krystle Coronado,587-773-6922,,,
7,0,Kenshole,Robinia,F,Robinia Kenshole,726-123-8210,,,
90,0,Cromett,Fremont,M,Fremont Cromett,967-156-7404,,,
2,1,Donnachie,Jeno,M,Jeno Donnachie,166-712-9526,,,
1,5,Gutman,Ilaire,M,Ilaire Gutman,883-821-7722,,,
7,5,Errichelli,Veronika,F,Veronika Errichelli,109-903-2288,,,
57,0,Downing,Steffie,F,Steffie Downing,275-453-1433,,,
9442,0,Guitel,Sonja,F,Sonja Guitel,163-812-1594,,,
1728,5,Bettison,Beale,M,Beale Bettison,543-375-5663,,,
3,5,Skurray,Sanford,M,Sanford Skurray,864-941-6105,,,
8799,1,Tithacott,Brandyn,M,Brandyn Tithacott,758-132-6688,,,
84959,5,Siggery,Berthe,F,Berthe Siggery,414-707-5985,,,
68748,0,Belverstone,Marlow,M,Marlow Belverstone,202-362-2539,,,
0,3,Eskrigg,Leonard,M,Leonard Eskrigg,378-106-4089,,,
63181,3,Pierucci,Hubie,M,Hubie Pierucci,270-786-4367,,,
6,0,Banyard,Charo,F,Charo Banyard,231-745-9269,,,
101,5,Di Carlo,Sallyanne,F,Sallyanne Di Carlo,864-621-9602,,,
0,0,Gherardesci,Katerina,F,Katerina Gherardesci,180-914-5367,,,
92,0,Watson,Alic,M,Alic Watson,634-657-8741,,,
777,5,MacGraith,Tab,M,Tab MacGraith,775-773-5582,,,
348,0,Stucksbury,Rorke,M,Rorke Stucksbury,772-234-7361,,,
50340,1,Blockey,Goraud,M,Goraud Blockey,300-775-8537,,,
491,1,Sergent,Lammond,M,Lammond Sergent,686-573-3657,,,
9,5,Cino,Othelia,F,Othelia Cino,983-152-8285,,,
87361,3,Theze,Berk,M,Berk Theze,418-638-4998,,,
9,3,Gaffon,Clemmy,M,Clemmy Gaffon,855-805-3973,,,
55523,0,Loverock,Barrett,M,Barrett Loverock,486-688-6352,,,
5969,5,Semmens,Jonis,F,Jonis Semmens,921-275-2908,,,
5046,3,Bolesma,Mathew,M,Mathew Bolesma,118-638-4783,,,
2,3,Matiewe,Chrisse,M,Chrisse Matiewe,187-825-4684,,,
3286,0,Vesque,Janelle,F,Janelle Vesque,186-530-4026,,,
74,5,Fronzek,Hewe,M,Hewe Fronzek,577-201-2142,,,
298,1,Aujouanet,Bendick,M,Bendick Aujouanet,315-656-2416,,,
68030,0,Eyckel,Tiphany,F,Tiphany Eyckel,369-816-9599,,,
472,0,Wem,Pepillo,M,Pepillo Wem,382-647-0783,,,
33,5,Riolfi,Susi,F,Susi Riolfi,890-260-7134,,,
6573,1,Goman,Roselle,F,Roselle Goman,205-671-0520,,,
76369,1,Scandred,Vanny,F,Vanny Scandred,847-566-8089,,,
4,3,O'Glassane,Augusta,F,Augusta O'Glassane,977-568-2671,,,
0,3,Karolyi,Billie,F,Billie Karolyi,187-809-9612,,,
8,1,Frankham,Hilliard,M,Hilliard Frankham,454-456-9119,,,
780,3,Allcock,Igor,M,Igor Allcock,301-821-7612,,,
8,5,Gain,Gradeigh,M,Gradeigh Gain,803-993-1858,,,
168,1,Gennings,Russell,M,Russell Gennings,948-985-6715,,,
8976,0,Dunbabin,Waverley,M,Waverley Dunbabin,903-159-2299,,,
0,0,Gunningham,Germana,F,Germana Gunningham,766-465-8004,,,
434,1,Gobeaux,Terence,M,Terence Gobeaux,851-648-9781,,,
53708,0,Teodorski,Ariadne,F,Ariadne Teodorski,857-621-7801,,,
9588,3,Dagnan,Tobye,F,Tobye Dagnan,567-920-6145,,,
2,5,Andrassy,Matthaeus,M,Matthaeus Andrassy,279-629-0700,,,
5599,5,Axel,Kellyann,F,Kellyann Axel,467-968-8550,,,
25,5,Wybron,Becki,F,Becki Wybron,298-105-7860,,,
65,5,Monnelly,Aubrie,F,Aubrie Monnelly,748-254-0649,,,
94,0,Hoyle,Florida,F,Florida Hoyle,682-230-8869,,,
46670,1,Cherryman,Cyndy,F,Cyndy Cherryman,114-471-8325,,,
1,3,Maisey,Flem,M,Flem Maisey,336-847-5557,,,
92574,5,Goodwill,Shea,F,Shea Goodwill,238-793-9207,,,
3,5,Mackrell,Maribelle,F,Maribelle Mackrell,128-271-3125,,,
2,0,Aguirre,Mariellen,F,Mariellen Aguirre,495-422-7055,,,
4796,1,Dorman,Win,M,Win Dorman,845-760-4041,,,
579,0,Adkin,Martelle,F,Martelle Adkin,285-440-4635,,,
6679,1,Barbour,Herman,M,Herman Barbour,360-325-2606,,,
7520,0,Pykett,Letisha,F,Letisha Pykett,175-313-3293,,,
7489,0,Speight,Parry,M,Parry Speight,429-205-3423,,,
34341,5,Stangoe,Benedikt,M,Benedikt Stangoe,864-449-3460,,,
47562,5,Siflet,Jan,M,Jan Siflet,667-713-2675,,,
134,1,Binham,Fabio,M,Fabio Binham,450-522-5853,,,
188,5,Miners,Germain,F,Germain Miners,740-820-4818,,,
3,3,Royall,Cheston,M,Cheston Royall,197-959-3421,,,
61,5,Pearmine,Evita,F,Evita Pearmine,636-982-1251,,,
59,1,Dandie,Miller,M,Miller Dandie,301-545-5826,,,
229,1,Greeson,Vonni,F,Vonni Greeson,100-875-0417,,,
62,1,Haily,Felicia,F,Felicia Haily,410-506-4973,,,
96281,5,Kinchley,Neilla,F,Neilla Kinchley,379-195-5319,,,
6028,1,Jelly,Tricia,F,Tricia Jelly,283-875-4488,,,
1,3,Rasp,Stanleigh,M,Stanleigh Rasp,774-810-0191,,,
66,5,Luberto,Leontyne,F,Leontyne Luberto,702-430-2592,,,
6,0,Sadd,Gan,M,Gan Sadd,944-730-8461,,,
51,3,Trewett,Salvidor,M,Salvidor Trewett,175-608-7869,,,
8,3,Gueste,Max,F,Max Gueste,910-331-4345,,,
9,1,Perrott,Lenette,F,Lenette Perrott,182-927-3605,,,
2,3,Necolds,Shell,M,Shell Necolds,869-625-9140,,,
8,5,Woolatt,Lief,M,Lief Woolatt,640-429-1041,,,
3,1,Kopp,Brooke,F,Brooke Kopp,416-399-4919,,,
8,1,Shwalbe,Enrique,M,Enrique Shwalbe,649-311-6589,,,
6493,1,Harpin,Linus,M,Linus Harpin,641-200-1599,,,
16367,0,McCrystal,Wittie,M,Wittie McCrystal,742-649-3654,,,
7,3,Maclaine,Eda,F,Eda Maclaine,969-843-1450,,,
585,0,Jowett,Adair,M,Adair Jowett,831-920-8260,,,
1,3,Petren,Reena,F,Reena Petren,725-675-7377,,,
32,3,Paeckmeyer,Marcello,M,Marcello Paeckmeyer,465-645-0757,,,
661,3,Sappy,Salomo,M,Salomo Sappy,604-470-0789,,,
955,5,Sommerscales,Timmie,F,Timmie Sommerscales,438-838-5582,,,
65,3,McHale,Bernardo,M,Bernardo McHale,550-433-8053,,,
856,1,Pikhno,Alf,M,Alf Pikhno,391-134-6677,,,
7898,5,Broxton,Kelly,F,Kelly Broxton,184-666-2216,,,
130,5,Shorte,Gisella,F,Gisella Shorte,966-897-5986,,,
13209,0,Bolgar,Sheryl,F,Sheryl Bolgar,444-253-1680,,,
82,1,Landrean,Carolus,M,Carolus Landrean,463-590-9101,,,
573,0,Sapena,Humbert,M,Humbert Sapena,869-698-1005,,,
5,0,Keeler,John,M,John Keeler,116-339-3916,,,
9664,1,Franchioni,Jandy,F,Jandy Franchioni,842-720-8236,,,
9537,5,Rama,Sarena,F,Sarena Rama,156-439-6183,,,
1594,0,Corinton,Bank,M,Bank Corinton,146-816-4940,,,
47579,0,Winsiowiecki,Leanna,F,Leanna Winsiowiecki,692-718-1716,,,
13315,5,Lening,Agnella,F,Agnella Lening,949-975-4185,,,
5,3,Eggle,Othilie,F,Othilie Eggle,244-109-8657,,,
630,1,Cannings,Lavinie,F,Lavinie Cannings,300-495-1010,,,
389,0,Bitterton,Loise,F,Loise Bitterton,756-894-4436,,,
7171,3,Emerson,Bax,M,Bax Emerson,757-475-2010,,,
6196,1,Keelinge,Arlan,M,Arlan Keelinge,276-344-4982,,,
44,0,Cleen,Griffith,M,Griffith Cleen,790-871-4721,,,
193,1,O'Shirine,Baldwin,M,Baldwin O'Shirine,689-917-3985,,,
3,5,Durtnall,Warden,M,Warden Durtnall,286-395-4131,,,
7509,5,McCaw,Torr,M,Torr McCaw,522-581-1551,,,
452,5,Really,Giulietta,F,Giulietta Really,575-466-0262,,,
6,0,Feldfisher,Aloisia,F,Aloisia Feldfisher,393-954-8582,,,
29091,3,Sushams,Katharyn,F,Katharyn Sushams,448-647-1810,,,
187,5,Lindeberg,Dede,F,Dede Lindeberg,587-131-7645,,,
631,5,Laughlan,Dodie,F,Dodie Laughlan,496-643-7498,,,
2141,1,Mepham,Craggie,M,Craggie Mepham,356-268-7133,,,
2874,5,Jefferd,Sorcha,F,Sorcha Jefferd,301-421-1570,,,
400,5,Leehane,Teddie,F,Teddie Leehane,763-351-6570,,,
2421,0,Beakes,Ailyn,F,Ailyn Beakes,562-584-5279,,,
0,3,Morsley,Berthe,F,Berthe Morsley,377-978-3918,,,
7567,0,Morigan,Mallorie,F,Mallorie Morigan,150-239-8723,,,
2,3,Grindall,Maxie,M,Maxie Grindall,417-333-0327,,,
7985,3,Ilsley,Sephira,F,Sephira Ilsley,940-557-9413,,,
3729,3,Commusso,Mallissa,F,Mallissa Commusso,430-865-8543,,,
996,3,Gilli,Birgitta,F,Birgitta Gilli,655-673-0885,,,
897,5,Ladewig,Sayer,M,Sayer Ladewig,494-636-8887,,,
6350,5,Blenkinsop,Fielding,M,Fielding Blenkinsop,307-344-6581,,,
34,1,Hakey,Renata,F,Renata Hakey,627-273-5792,,,
589,5,Scallon,Gunner,M,Gunner Scallon,701-115-1186,,,
892,3,Juckes,Veronika,F,Veronika Juckes,558-815-8698,,,
97804,1,Eberle,Saunders,M,Saunders Eberle,914-411-9470,,,
7906,0,Sibson,Garrott,M,Garrott Sibson,628-145-7354,,,
5682,3,McGrah,Kelbee,M,Kelbee McGrah,336-687-0066,,,
33,3,Joynt,Andromache,F,Andromache Joynt,332-570-3820,,,
5,1,Westphal,Linc,M,Linc Westphal,194-920-8012,,,
5101,3,Exter,Dre,F,Dre Exter,273-909-0872,,,
775,5,Bernade,Robin,F,Robin Bernade,801-220-8206,,,
2,0,Eastway,Fleur,F,Fleur Eastway,267-771-9942,,,
7,1,Lambrecht,Ophelie,F,Ophelie Lambrecht,606-411-5437,,,
3186,5,Neasam,Celene,F,Celene Neasam,403-842-2953,,,
186,5,Greenhead,Jayme,M,Jayme Greenhead,467-959-5167,,,
86806,0,Beale,Breanne,F,Breanne Beale,676-306-7622,,,
56140,0,Taft,Blake,F,Blake Taft,391-259-7478,,,
8,5,Ingre,Saundra,F,Saundra Ingre,748-250-9281,,,
86826,0,Clifford,Jacky,F,Jacky Clifford,626-895-6314,,,
9351,5,Derkes,Celestyn,F,Celestyn Derkes,224-606-3421,,,
8502,3,Pegrum,Florencia,F,Florencia Pegrum,999-512-4068,,,
650,1,Dami,Darryl,M,Darryl Dami,466-583-9324,,,
6,3,Tooting,Anthe,F,Anthe Tooting,317-722-2438,,,
1952,3,Lindborg,Stephanus,M,Stephanus Lindborg,504-223-4667,,,
78,1,Icom,Laura,F,Laura Icom,669-251-2994,,,
9,1,Barke,Beale,M,Beale Barke,414-478-9911,,,
461,5,Spragge,Merwin,M,Merwin Spragge,384-235-2821,,,
78205,1,Kilner,Had,M,Had Kilner,489-286-3265,,,
86,5,Boddice,Gay,M,Gay Boddice,281-614-2553,,,
2800,0,Puzey,Hercule,M,Hercule Puzey,439-268-2401,,,
65444,5,Carnihan,Kessiah,F,Kessiah Carnihan,751-119-1867,,,
80028,3,Gonnet,Fabian,M,Fabian Gonnet,814-256-8257,,,
9749,5,Cleef,Mechelle,F,Mechelle Cleef,215-348-0515,,,
13354,5,Roche,Michaeline,F,Michaeline Roche,358-934-3795,,,
0,0,Wetherald,Reiko,F,Reiko Wetherald,208-150-6036,,,
9,1,Cordle,Coral,F,Coral Cordle,128-217-9377,,,
85368,5,Sommersett,Krissie,F,Krissie Sommersett,344-357-5073,,,
40,5,Daburn,Verge,M,Verge Daburn,452-266-6391,,,
319,0,Axton,Shelby,F,Shelby Axton,499-813-0663,,,
8950,1,Duncklee,Mada,F,Mada Duncklee,565-354-5891,,,
4,5,Philippson,Carolina,F,Carolina Philippson,607-467-9442,,,
730,3,Bernardeau,Electra,F,Electra Bernardeau,243-680-4076,,,
1,0,Bowkett,Carmelita,F,Carmelita Bowkett,404-871-2263,,,
6951,5,Fourmy,Bay,M,Bay Fourmy,686-259-6216,,,
2,5,McCusker,Ellis,M,Ellis McCusker,332-488-5470,,,
9,0,Cubbini,Ruby,F,Ruby Cubbini,790-703-8249,,,
53,5,Hamnet,Denney,M,Denney Hamnet,205-959-4824,,,
596,3,Chenery,Irwinn,M,Irwinn Chenery,430-384-2560,,,
3527,1,Revie,Bobbi,F,Bobbi Revie,639-214-8622,,,
1318,1,Delamar,Amandy,F,Amandy Delamar,779-145-1913,,,
398,0,Boig,Curt,M,Curt Boig,440-242-6212,,,
67759,1,McMurty,Rena,F,Rena McMurty,199-334-4216,,,
0,0,Jordeson,Yorker,M,Yorker Jordeson,844-405-4705,,,
958,0,MacGorrie,Nelia,F,Nelia MacGorrie,804-679-8461,,,
91524,5,Harrild,Skipp,M,Skipp Harrild,721-731-0256,,,
546,3,Conniam,Mignonne,F,Mignonne Conniam,514-874-9123,,,
6,3,Butchers,Bailie,M,Bailie Butchers,203-230-0497,,,
9,1,Ebenezer,Earle,M,Earle Ebenezer,274-445-1265,,,
3,3,Segrave,Tabbitha,F,Tabbitha Segrave,133-291-3589,,,
90,1,Getley,Kial,F,Kial Getley,391-667-2713,,,
52,1,Blasiak,Willie,M,Willie Blasiak,130-555-6739,,,
0,0,Poynor,Daria,F,Daria Poynor,505-880-3767,,,
7,0,Martinec,Hercules,M,Hercules Martinec,127-419-5353,,,
1,0,Dagnall,Stacey,F,Stacey Dagnall,382-976-2380,,,
820,3,Kleinerman,Catherin,F,Catherin Kleinerman,456-534-7256,,,
97,5,Rundall,Marley,F,Marley Rundall,470-736-3365,,,
59949,0,Wroath,Katrina,F,Katrina Wroath,631-984-7096,,,
79128,3,Clapp,Mildrid,F,Mildrid Clapp,980-171-2746,,,
8,1,Liveley,Kelvin,M,Kelvin Liveley,437-634-1504,,,
4,0,Phelp,Hubert,M,Hubert Phelp,127-408-7853,,,
33793,3,Canario,Heinrick,M,Heinrick Canario,631-479-7945,,,
727,3,Matthews,Genvieve,F,Genvieve Matthews,715-686-8709,,,
60007,1,Colaton,Paul,M,Paul Colaton,609-783-4408,,,
72,3,Willwood,Lane,M,Lane Willwood,458-285-9508,,,
4077,1,Riggeard,Pierrette,F,Pierrette Riggeard,472-505-7623,,,
92512,5,Copper,Mildred,F,Mildred Copper,228-605-0195,,,
28,0,McKay,Hirsch,M,Hirsch McKay,908-654-1084,,,
73519,5,Mansel,Minnaminnie,F,Minnaminnie Mansel,227-468-7937,,,
586,3,Newbegin,William,M,William Newbegin,328-622-6035,,,
8,5,Staneland,Doralyn,F,Doralyn Staneland,376-378-4544,,,
8844,5,Downton,Udall,M,Udall Downton,504-363-1977,,,
1,0,Scyone,Tades,M,Tades Scyone,731-614-4137,,,
8,5,Renton,Olympia,F,Olympia Renton,666-559-6259,,,
871,0,Fischer,Roseline,F,Roseline Fischer,972-182-5253,,,
436,0,Issitt,Cicely,F,Cicely Issitt,704-246-5427,,,
77655,0,Krolak,Nicolette,F,Nicolette Krolak,962-737-9717,,,
69,1,Allaway,Lucius,M,Lucius Allaway,523-884-6375,,,
13,1,Cornock,Hildagard,F,Hildagard Cornock,717-314-9390,,,
9,1,Jerrold,Verine,F,Verine Jerrold,755-373-6207,,,
50684,0,Bezzant,Rance,M,Rance Bezzant,684-673-1832,,,
8,0,Denson,Bee,F,Bee Denson,732-365-4300,,,
16118,3,Chamney,Cosmo,M,Cosmo Chamney,236-606-5847,,,
14688,0,Galbreath,Karita,F,Karita Galbreath,735-812-5105,,,
3061,3,Cornejo,Basilio,M,Basilio Cornejo,258-266-6196,,,
21,3,Sapsforde,Valry,F,Valry Sapsforde,928-605-5569,,,
4,1,Castagna,Amy,F,Amy Castagna,832-193-8222,,,
9272,0,Heijnen,Wildon,M,Wildon Heijnen,363-674-1842,,,
46067,5,Dombrell,Filia,F,Filia Dombrell,283-256-4563,,,
213,0,Rubee,Moira,F,Moira Rubee,172-785-9119,,,
5,0,Alabone,Jeremias,M,Jeremias Alabone,914-596-1906,,,
591,1,Zecchii,Yehudi,M,Yehudi Zecchii,951-410-5669,,,
2,3,Semeradova,Colline,F,Colline Semeradova,241-994-1385,,,
791,1,McNally,Kevon,M,Kevon McNally,416-995-0837,,,
43,5,Sherbourne,Carina,F,Carina Sherbourne,363-978-8824,,,
29448,3,Farnorth,Padraig,M,Padraig Farnorth,594-220-1841,,,
35308,5,Duckworth,Armand,M,Armand Duckworth,733-861-6054,,,
5,3,McLaggan,Lilian,F,Lilian McLaggan,840-967-2696,,,
76831,3,Audritt,Nester,M,Nester Audritt,846-204-2709,,,
60,0,Fayerman,Siegfried,M,Siegfried Fayerman,429-841-4765,,,
55,5,Atteridge,Jedd,M,Jedd Atteridge,554-200-3468,,,
66121,1,Binnie,Kiele,F,Kiele Binnie,561-725-0317,,,
90,5,Alentyev,Sherlock,M,Sherlock Alentyev,528-413-1501,,,
434,1,Boerder,Ashlen,F,Ashlen Boerder,469-879-8867,,,
5781,1,Klimko,Brit,M,Brit Klimko,258-390-6708,,,
9071,0,Francesconi,Inez,F,Inez Francesconi,352-326-1309,,,
65,0,Lammie,Almire,F,Almire Lammie,737-346-9845,,,
20667,5,Duprey,Lindy,F,Lindy Duprey,732-504-7122,,,
13,3,Linster,Ivan,M,Ivan Linster,628-224-8501,,,
9,1,Ivkovic,Deidre,F,Deidre Ivkovic,178-558-4748,,,
1127,5,Gatward,Harold,M,Harold Gatward,893-330-5569,,,
66,0,Parken,Cornie,M,Cornie Parken,679-747-8555,,,
84,1,Dann,Aila,F,Aila Dann,415-342-5501,,,
986,3,Petteford,Tremain,M,Tremain Petteford,224-139-5235,,,
189,5,Crampin,Taffy,F,Taffy Crampin,362-572-5644,,,
63600,1,O'Corr,Donovan,M,Donovan O'Corr,542-755-5039,,,
83,3,Stouther,Brear,F,Brear Stouther,567-173-6923,,,
2518,1,Longmore,Eada,F,Eada Longmore,180-677-9958,,,
3,5,Seeler,Vail,M,Vail Seeler,296-734-2142,,,
1048,3,Jewsbury,Franciska,F,Franciska Jewsbury,492-260-7460,,,
973,3,Hinsch,Bayard,M,Bayard Hinsch,448-149-5151,,,
9,3,Bourges,Lon,M,Lon Bourges,856-516-4150,,,
1,1,Vondracek,Darryl,F,Darryl Vondracek,500-715-4366,,,
31,5,Frentz,Ingar,M,Ingar Frentz,903-565-7068,,,
5510,1,Jorcke,Elsinore,F,Elsinore Jorcke,786-540-8371,,,
3,3,Nucator,Horton,M,Horton Nucator,585-334-3442,,,
9251,1,Diggons,Robbi,F,Robbi Diggons,358-399-5825,,,
88556,0,MacNeil,Dell,M,Dell MacNeil,446-235-2958,,,
912,0,Filochov,Sergio,M,Sergio Filochov,109-472-8022,,,
3781,5,Piggot,Josee,F,Josee Piggot,814-298-0527,,,
6605,1,Merkel,Noelani,F,Noelani Merkel,945-682-4334,,,
6,5,Dinneen,Wilma,F,Wilma Dinneen,296-767-3153,,,
13048,3,Ashbee,Chance,M,Chance Ashbee,442-431-4602,,,
843,3,Eton,Cody,F,Cody Eton,893-218-9369,,,
7109,3,Boldecke,Tedd,M,Tedd Boldecke,628-874-3817,,,
53,0,Cohani,Robinetta,F,Robinetta Cohani,933-946-3455,,,
874,3,Shone,Evanne,F,Evanne Shone,119-506-1084,,,
12562,0,Kimble,Martainn,M,Martainn Kimble,414-411-4280,,,
12,3,Markel,Elita,F,Elita Markel,519-853-6842,,,
571,3,Leggon,Clarinda,F,Clarinda Leggon,278-349-9067,,,
892,0,O'Rafferty,Rem,M,Rem O'Rafferty,553-969-8704,,,
55,1,Lofting,Marty,F,Marty Lofting,651-470-4427,,,
1029,5,Crole,Cati,F,Cati Crole,551-108-0562,,,
650,0,Bosomworth,Winnifred,F,Winnifred Bosomworth,537-622-4516,,,
3,5,Durie,Jeanine,F,Jeanine Durie,344-755-8420,,,
888,1,Lippi,Vincenz,M,Vincenz Lippi,959-479-2452,,,
76,5,Ussher,Estell,F,Estell Ussher,694-219-7312,,,
92113,0,Houndson,Mellicent,F,Mellicent Houndson,219-117-5490,,,
1493,3,Biever,Renault,M,Renault Biever,926-641-5639,,,
8,0,Farebrother,Fernando,M,Fernando Farebrother,168-723-3195,,,
63544,3,Coneybeare,Cindi,F,Cindi Coneybeare,208-699-4282,,,
71525,0,Bowes,Meridith,F,Meridith Bowes,969-722-3375,,,
37219,1,Yukhnin,Harlan,M,Harlan Yukhnin,159-879-1858,,,
96,5,Switzer,Enid,F,Enid Switzer,391-619-0663,,,
157,5,Donnell,Talya,F,Talya Donnell,216-534-9421,,,
8,5,Macallam,Amble,M,Amble Macallam,582-983-3529,,,
6989,0,Drury,Julita,F,Julita Drury,188-463-8308,,,
0,1,Kilbee,Rickey,M,Rickey Kilbee,625-597-2646,,,
92,1,Coping,Gardie,M,Gardie Coping,323-157-8530,,,
419,1,Wippermann,Dory,M,Dory Wippermann,372-204-4265,,,
953,0,Moon,Walker,M,Walker Moon,814-817-4785,,,
56,1,Sink,Margit,F,Margit Sink,117-955-9998,,,
65,1,Faunt,Sumner,M,Sumner Faunt,822-568-8835,,,
8,5,Bolam,Erny,M,Erny Bolam,635-864-7371,,,
58,5,Algore,Jethro,M,Jethro Algore,704-148-7620,,,
0,5,Rogger,Jessamine,F,Jessamine Rogger,955-841-5427,,,
61135,1,Hollows,Kerrin,F,Kerrin Hollows,559-698-5509,,,
706,3,Clerk,Benoite,F,Benoite Clerk,795-844-0793,,,
9975,5,Darker,Joellyn,F,Joellyn Darker,982-459-8346,,,
24,0,Redsull,Oralle,F,Oralle Redsull,610-906-6960,,,
6,0,Armstrong,Maison,M,Maison Armstrong,396-523-4809,,,
920,1,Domican,Godwin,M,Godwin Domican,541-106-0547,,,
7038,5,Cuxon,Devy,M,Devy Cuxon,466-207-0172,,,
74488,5,Vynehall,Laura,F,Laura Vynehall,880-769-4744,,,
6378,1,Gravestone,Perla,F,Perla Gravestone,228-719-6515,,,
2370,5,Farrants,Hillel,M,Hillel Farrants,495-868-1603,,,
9,0,Hurne,Kristy,F,Kristy Hurne,417-755-1294,,,
6,5,Domonkos,Christean,F,Christean Domonkos,140-640-1181,,,
2889,1,Rizzardi,Web,M,Web Rizzardi,172-328-3681,,,
7772,0,Ormston,Berthe,F,Berthe Ormston,908-916-7031,,,
1,3,Rowe,Georgeanna,F,Georgeanna Rowe,533-395-9051,,,
63,1,Bikker,Pattie,M,Pattie Bikker,535-266-7631,,,
37,1,Cromwell,Margareta,F,Margareta Cromwell,391-386-6313,,,
891,5,O'Heaney,Berna,F,Berna O'Heaney,462-415-4621,,,
7,5,Danbi,Selestina,F,Selestina Danbi,314-556-1669,,,
38119,5,Bolmann,Jonell,F,Jonell Bolmann,284-735-6291,,,
1540,5,Eyton,Dara,F,Dara Eyton,781-157-2751,,,
1053,1,Elwood,Melloney,F,Melloney Elwood,625-914-4706,,,
0,1,Adne,Esdras,M,Esdras Adne,621-305-1283,,,
213,0,Eburne,Dominique,F,Dominique Eburne,739-614-8496,,,
9,3,Simeonov,Gilberto,M,Gilberto Simeonov,850-864-4028,,,
72646,1,Razzell,Donnajean,F,Donnajean Razzell,535-972-6137,,,
4665,5,Couldwell,Omar,M,Omar Couldwell,569-922-8007,,,
74705,3,Goodlife,Layton,M,Layton Goodlife,675-584-4356,,,
8,3,Frere,Meghann,F,Meghann Frere,494-707-5982,,,
2,1,Thackwray,Dionisio,M,Dionisio Thackwray,106-369-0414,,,
70531,3,Lett,Winifield,M,Winifield Lett,431-962-7571,,,
1,5,Owttrim,Bord,M,Bord Owttrim,614-569-1737,,,
9071,1,Hawe,Granny,M,Granny Hawe,845-676-6658,,,
80769,0,Wainwright,Trevar,M,Trevar Wainwright,655-512-7349,,,
1,0,Molloy,Antonella,F,Antonella Molloy,645-225-0251,,,
7,0,Haveline,Katleen,F,Katleen Haveline,499-268-2358,,,
5,3,Jenkyn,Carlo,M,Carlo Jenkyn,894-450-1779,,,
6335,5,Haseley,Carleen,F,Carleen Haseley,125-838-4905,,,
5,0,Fattorini,Norris,M,Norris Fattorini,453-222-6378,,,
7163,1,MacShane,Roderick,M,Roderick MacShane,321-310-8267,,,
8,3,Mapham,Debora,F,Debora Mapham,754-864-2950,,,
5,3,Keene,Dolf,M,Dolf Keene,216-841-0394,,,
52531,1,Audry,Faustina,F,Faustina Audry,696-215-2237,,,
5907,0,McAllen,Ulrike,F,Ulrike McAllen,746-976-2383,,,
2,0,Wettern,Doroteya,F,Doroteya Wettern,776-840-9304,,,
163,3,Ghirardi,Ewan,M,Ewan Ghirardi,311-107-3718,,,
33704,3,Melan,Ellie,F,Ellie Melan,987-638-0431,,,
7475,3,Ambrois,Rik,M,Rik Ambrois,727-772-7998,,,
824,5,Maffioletti,Deerdre,F,Deerdre Maffioletti,703-136-0260,,,
51,1,Speake,Charin,F,Charin Speake,607-170-2798,,,
9022,1,Pockett,Shaun,M,Shaun Pockett,286-701-1276,,,
165,5,Muslim,Filippo,M,Filippo Muslim,903-819-7120,,,
1523,3,Bourdas,Ingaberg,F,Ingaberg Bourdas,489-510-0954,,,
6841,1,Francescone,Gisele,F,Gisele Francescone,293-673-0550,,,
9536,3,Lowton,Marsh,M,Marsh Lowton,105-854-7879,,,
98064,0,Tumilson,Lucila,F,Lucila Tumilson,712-805-5013,,,
3,1,Bernardotte,Feliza,F,Feliza Bernardotte,357-336-0267,,,
16,3,Darrell,Rubie,F,Rubie Darrell,894-465-6040,,,
848,3,Ballham,Rania,F,Rania Ballham,942-229-0504,,,
4,3,Miguel,Nara,F,Nara Miguel,480-991-3169,,,
620,5,D'Alesio,Fleming,M,Fleming D'Alesio,121-259-5740,,,
36616,1,Iacopetti,Aguste,M,Aguste Iacopetti,918-346-3010,,,
4,5,Addenbrooke,Dione,F,Dione Addenbrooke,804-613-8526,,,
6,0,Tapenden,Sollie,M,Sollie Tapenden,386-646-7006,,,
4,1,Awcoate,Everett,M,Everett Awcoate,749-910-0681,,,
9,3,Antczak,Karalee,F,Karalee Antczak,671-703-0987,,,
807,5,Noah,Marietta,M,Marietta Noah,782-526-6587,,,
2630,5,Wickmann,Arney,M,Arney Wickmann,944-945-8443,,,
733,1,Barringer,Dougy,M,Dougy Barringer,680-691-0316,,,
51238,1,Bartelet,Ariela,F,Ariela Bartelet,806-273-0402,,,
732,3,Keller,Emmery,M,Emmery Keller,564-623-5421,,,
7006,3,Moorwood,Melodee,F,Melodee Moorwood,542-874-7422,,,
4,3,Menat,Sharona,F,Sharona Menat,985-157-8727,,,
8,1,Naismith,Conn,M,Conn Naismith,197-738-5055,,,
8,3,Plews,Em,F,Em Plews,627-465-6580,,,
6,0,Lademann,Mendel,M,Mendel Lademann,869-432-1486,,,
249,1,Vernon,Robbert,M,Robbert Vernon,711-791-4483,,,
516,0,MacGaughey,Ulrich,M,Ulrich MacGaughey,615-930-9150,,,
3734,3,Manchett,Sonnnie,F,Sonnnie Manchett,291-447-5449,,,
71,5,Starte,Ingrim,M,Ingrim Starte,590-381-2608,,,
688,3,Spennock,Fayette,F,Fayette Spennock,754-667-8640,,,
445,0,Zanneli,Janaye,F,Janaye Zanneli,644-195-9679,,,
3,5,Gradon,Stormi,F,Stormi Gradon,884-499-2414,,,
55286,0,Scotson,Tersina,F,Tersina Scotson,204-922-2369,,,
9,5,Huie,Betsy,F,Betsy Huie,548-868-6337,,,
1266,3,Upward,Brynne,F,Brynne Upward,899-549-1671,,,
6,1,Sazio,Chico,M,Chico Sazio,546-982-1108,,,
7770,1,Hinge,Aleda,F,Aleda Hinge,666-798-8918,,,
23666,5,Perrat,Damara,F,Damara Perrat,274-692-6228,,,
1226,5,Rogister,Vladimir,M,Vladimir Rogister,835-260-8232,,,
41477,1,Seymark,Adamo,M,Adamo Seymark,232-428-4534,,,
7,1,Dannohl,Jeth,M,Jeth Dannohl,787-461-0213,,,
438,5,Cashman,De witt,M,De witt Cashman,339-359-5823,,,
48208,5,Radnedge,Reine,F,Reine Radnedge,207-945-0489,,,
876,1,Winscom,Isabeau,F,Isabeau Winscom,819-658-0139,,,
115,1,Gallanders,Arlena,F,Arlena Gallanders,260-352-8706,,,
56,0,Fink,Winfred,M,Winfred Fink,334-260-0500,,,
9678,1,Ginsie,Wendel,M,Wendel Ginsie,380-650-2685,,,
2,5,Pantlin,Mitzi,F,Mitzi Pantlin,126-584-9029,,,
84053,3,Casterou,Gene,M,Gene Casterou,597-613-8724,,,
217,3,Troke,Alain,M,Alain Troke,120-931-1255,,,
9,1,Broadstock,Rubina,F,Rubina Broadstock,897-152-9732,,,
8328,5,Conws,Lira,F,Lira Conws,755-432-6459,,,
99,1,Brewis,Quentin,F,Quentin Brewis,670-876-8707,,,
74,3,Dorricott,Cher,F,Cher Dorricott,793-531-0142,,,
2,5,Dannel,Frieda,F,Frieda Dannel,557-549-4731,,,
5845,0,Brierly,Perl,F,Perl Brierly,132-311-1623,,,
428,0,Hull,Nikolai,M,Nikolai Hull,950-590-8003,,,
300,1,Wickstead,Bradley,M,Bradley Wickstead,375-298-9099,,,
42,5,Boughen,Valentijn,M,Valentijn Boughen,985-658-0680,,,
959,1,Sewell,Ford,M,Ford Sewell,620-993-4106,,,
14,1,O'Gaven,Toby,M,Toby O'Gaven,397-538-9795,,,
854,1,Duligall,Minda,F,Minda Duligall,590-574-5571,,,
2415,5,Ingerith,Hobie,M,Hobie Ingerith,383-668-7553,,,
3,1,Tather,Alma,F,Alma Tather,699-382-6377,,,
58,1,Rampley,Candie,F,Candie Rampley,648-151-8619,,,
5,3,Penman,Allayne,M,Allayne Penman,333-488-8904,,,
6390,1,Petris,Nataline,F,Nataline Petris,813-642-8546,,,
5230,0,Alderton,Etan,M,Etan Alderton,998-581-1425,,,
43397,5,Noblet,Crin,F,Crin Noblet,340-119-5590,,,
2227,1,Zanetti,Charles,M,Charles Zanetti,557-257-2724,,,
8,1,Pegram,Avril,F,Avril Pegram,546-839-7936,,,
415,5,De Biasi,Shani,F,Shani De Biasi,862-559-7985,,,
73,3,McVity,Matthus,M,Matthus McVity,622-348-1537,,,
192,1,Jessop,Jard,M,Jard Jessop,673-299-9139,,,
9713,5,Snuggs,Blair,M,Blair Snuggs,833-300-7375,,,
3455,5,Maidlow,Bary,M,Bary Maidlow,354-410-8262,,,
64253,3,Sinyard,Bordie,M,Bordie Sinyard,945-513-2561,,,
5,1,Logie,Auroora,F,Auroora Logie,400-295-3868,,,
12941,3,Melmar,Chan,M,Chan Melmar,955-225-8208,,,
64,0,Griswaite,Cathryn,F,Cathryn Griswaite,176-196-1454,,,
70,3,Malkin,Timothee,M,Timothee Malkin,694-283-9259,,,
3,5,Bish,Betsey,F,Betsey Bish,532-811-5626,,,
58017,1,Grinaway,Jordanna,F,Jordanna Grinaway,590-919-7514,,,
84752,0,Jordison,Devondra,F,Devondra Jordison,778-263-6054,,,
9012,1,Goodlett,Harmonia,F,Harmonia Goodlett,946-391-4272,,,
8820,5,Edes,Mill,M,Mill Edes,970-114-2158,,,
831,0,Bendon,Koenraad,M,Koenraad Bendon,809-544-4991,,,
0,5,Griffith,Keenan,M,Keenan Griffith,571-322-2244,,,
5198,3,Macbeth,Elva,F,Elva Macbeth,449-336-1216,,,
3,0,Summerton,Baillie,M,Baillie Summerton,280-653-6728,,,
7428,1,Oehme,Vassily,M,Vassily Oehme,223-748-1481,,,
338,0,Valentim,Kingston,M,Kingston Valentim,664-411-8869,,,
4106,3,Makinson,Rafaello,M,Rafaello Makinson,368-735-2297,,,
8,0,O'Heffernan,Ailsun,F,Ailsun O'Heffernan,730-878-7828,,,
8,1,Penton,Yves,M,Yves Penton,237-720-1607,,,
93855,1,Verdey,Marlo,M,Marlo Verdey,637-471-1656,,,
2901,5,Di Bernardo,Veronike,F,Veronike Di Bernardo,297-836-5889,,,
939,0,Izaac,Dannie,F,Dannie Izaac,883-809-6185,,,
351,3,Beare,Fernanda,F,Fernanda Beare,435-622-1280,,,
27213,0,de Banke,Taffy,F,Taffy de Banke,878-702-4712,,,
6350,0,Copozio,Nelson,M,Nelson Copozio,201-383-7865,,,
48,5,Casbolt,Eyde,F,Eyde Casbolt,410-867-6076,,,
1343,5,Scrowby,Aundrea,F,Aundrea Scrowby,392-258-5538,,,
3,3,Penvarden,Aurel,F,Aurel Penvarden,754-707-7556,Spanish,ELD 1,
252,5,Arndt,Lelah,F,Lelah Arndt,382-390-8836,Italian,,
67235,0,Minguet,Madeline,F,Madeline Minguet,651-394-6237,,,
9,3,Lethibridge,Minerva,F,Minerva Lethibridge,641-875-4231,,,
